order_item_id,order_id,product_id,quantity,unit_price,discount,revenue,cost,profit
1,ORD-10000,PROD-014,1,30.09,0.0,30.09,19.72,10.37
2,ORD-10001,PROD-010,4,45.55,0.0,182.2,84.46,97.74
3,ORD-10001,PROD-008,4,230.7,0.1,830.52,581.92,248.6
4,ORD-10001,PROD-012,3,60.8,0.0,182.4,104.19,78.21
5,ORD-10002,PROD-005,3,117.17,0.0,351.51,231.52,119.99
6,ORD-10003,PROD-001,4,1017.03,0.0,4068.12,2209.69,1858.43
7,ORD-10003,PROD-011,1,82.71,0.0,82.71,38.15,44.56
8,ORD-10004,PROD-014,1,28.86,0.15,24.53,11.11,13.42
9,ORD-10004,PROD-015,4,18.35,0.0,73.4,41.66,31.74
10,ORD-10004,PROD-009,3,174.35,0.0,523.05,246.52,276.53
11,ORD-10005,PROD-007,4,549.24,0.0,2196.96,1191.16,1005.8
12,ORD-10005,PROD-005,1,109.81,0.0,109.81,56.73,53.08
13,ORD-10005,PROD-011,2,77.62,0.1,139.72,87.3,52.42
14,ORD-10006,PROD-007,3,569.2,0.1,1536.84,1068.84,468.0
15,ORD-10006,PROD-006,3,91.75,0.0,275.25,156.57,118.68
16,ORD-10007,PROD-015,3,19.96,0.0,59.88,38.81,21.07
17,ORD-10007,PROD-012,1,60.85,0.0,60.85,36.36,24.49
18,ORD-10008,PROD-008,1,220.37,0.0,220.37,145.58,74.79
19,ORD-10009,PROD-009,3,183.08,0.0,549.24,272.74,276.5
20,ORD-10009,PROD-010,3,47.91,0.05,136.54,70.52,66.02
21,ORD-10010,PROD-012,4,72.65,0.05,276.07,134.51,141.56
22,ORD-10010,PROD-013,2,53.85,0.1,96.93,65.1,31.83
23,ORD-10011,PROD-007,2,511.59,0.1,920.86,619.17,301.69
24,ORD-10011,PROD-004,3,42.88,0.0,128.64,64.98,63.66
25,ORD-10012,PROD-013,4,56.3,0.05,213.94,100.23,113.71
26,ORD-10012,PROD-011,4,80.97,0.0,323.88,213.39,110.49
27,ORD-10013,PROD-007,3,578.08,0.0,1734.24,1131.6,602.64
28,ORD-10013,PROD-009,2,188.76,0.05,358.64,168.18,190.46
29,ORD-10013,PROD-006,3,91.52,0.05,260.83,119.43,141.4
30,ORD-10014,PROD-016,4,20.04,0.0,80.16,44.29,35.87
31,ORD-10014,PROD-015,1,18.69,0.0,18.69,12.21,6.48
32,ORD-10015,PROD-004,2,38.21,0.1,68.78,39.94,28.84
33,ORD-10015,PROD-003,4,72.03,0.1,259.31,131.76,127.55
34,ORD-10016,PROD-007,2,518.4,0.0,1036.8,573.57,463.23
35,ORD-10016,PROD-006,3,91.06,0.15,232.2,106.11,126.09
36,ORD-10016,PROD-002,4,263.77,0.0,1055.08,597.56,457.52
37,ORD-10017,PROD-011,2,93.29,0.0,186.58,103.76,82.82
38,ORD-10017,PROD-008,3,258.5,0.0,775.5,382.4,393.1
39,ORD-10017,PROD-012,4,60.83,0.0,243.32,111.05,132.27
40,ORD-10018,PROD-004,1,42.43,0.15,36.07,23.84,12.23
41,ORD-10019,PROD-014,4,32.97,0.0,131.88,78.93,52.95
42,ORD-10019,PROD-001,4,874.48,0.0,3497.92,1728.33,1769.59
43,ORD-10019,PROD-011,3,80.69,0.0,242.07,162.35,79.72
44,ORD-10020,PROD-002,3,276.31,0.0,828.93,409.13,419.8
45,ORD-10021,PROD-008,2,236.69,0.05,449.71,225.86,223.85
46,ORD-10021,PROD-003,2,83.6,0.0,167.2,90.47,76.73
47,ORD-10022,PROD-005,1,102.78,0.05,97.64,53.44,44.2
48,ORD-10022,PROD-012,2,59.0,0.15,100.3,45.95,54.35
49,ORD-10022,PROD-002,1,261.62,0.15,222.38,158.75,63.63
50,ORD-10023,PROD-012,4,67.72,0.0,270.88,153.32,117.56
51,ORD-10023,PROD-006,4,102.71,0.05,390.3,257.78,132.52
52,ORD-10024,PROD-010,3,50.19,0.05,143.04,97.08,45.96
53,ORD-10024,PROD-009,4,168.01,0.1,604.84,426.33,178.51
54,ORD-10025,PROD-014,4,28.4,0.0,113.6,72.63,40.97
55,ORD-10026,PROD-005,3,112.27,0.0,336.81,178.48,158.33
56,ORD-10026,PROD-007,3,560.15,0.0,1680.45,1121.89,558.56
57,ORD-10026,PROD-006,1,97.56,0.05,92.68,54.22,38.46
58,ORD-10027,PROD-001,3,1000.85,0.1,2702.3,1794.03,908.27
59,ORD-10027,PROD-003,1,81.32,0.05,77.25,46.88,30.37
60,ORD-10028,PROD-002,3,286.29,0.0,858.87,417.7,441.17
61,ORD-10028,PROD-009,4,198.6,0.0,794.4,464.5,329.9
62,ORD-10028,PROD-001,1,876.62,0.0,876.62,567.01,309.61
63,ORD-10029,PROD-002,1,286.07,0.1,257.46,142.55,114.91
64,ORD-10029,PROD-010,2,46.51,0.0,93.02,47.89,45.13
65,ORD-10029,PROD-004,3,40.22,0.0,120.66,56.94,63.72
66,ORD-10030,PROD-005,1,110.83,0.1,99.75,60.84,38.91
67,ORD-10030,PROD-009,4,167.28,0.05,635.66,308.07,327.59
68,ORD-10030,PROD-007,3,481.68,0.05,1372.79,712.92,659.87
69,ORD-10031,PROD-007,4,482.36,0.15,1640.02,785.85,854.17
70,ORD-10031,PROD-001,2,917.3,0.0,1834.6,1207.73,626.87
71,ORD-10031,PROD-013,4,50.19,0.0,200.76,122.08,78.68
72,ORD-10032,PROD-016,4,24.15,0.1,86.94,52.81,34.13
73,ORD-10032,PROD-005,2,120.63,0.0,241.26,167.7,73.56
74,ORD-10032,PROD-001,4,894.7,0.05,3399.86,2040.75,1359.11
75,ORD-10033,PROD-002,2,270.93,0.0,541.86,324.37,217.49
76,ORD-10033,PROD-013,1,50.96,0.05,48.41,34.45,13.96
77,ORD-10033,PROD-007,2,561.32,0.0,1122.64,528.44,594.2
78,ORD-10034,PROD-005,4,110.07,0.0,440.28,252.26,188.02
79,ORD-10034,PROD-009,1,199.24,0.05,189.28,133.96,55.32
80,ORD-10035,PROD-003,3,79.02,0.0,237.06,109.36,127.7
81,ORD-10036,PROD-005,2,103.16,0.1,185.69,111.55,74.14
82,ORD-10036,PROD-001,3,945.45,0.05,2694.53,1271.19,1423.34
83,ORD-10037,PROD-014,2,33.41,0.0,66.82,43.1,23.72
84,ORD-10037,PROD-015,4,19.37,0.0,77.48,43.71,33.77
85,ORD-10038,PROD-002,1,286.92,0.0,286.92,176.4,110.52
86,ORD-10038,PROD-008,3,236.11,0.0,708.33,433.39,274.94
87,ORD-10039,PROD-008,2,227.52,0.15,386.78,222.73,164.05
88,ORD-10039,PROD-014,3,30.95,0.0,92.85,65.8,27.05
89,ORD-10039,PROD-013,2,51.49,0.0,102.98,46.74,56.24
90,ORD-10040,PROD-004,3,39.89,0.0,119.67,59.81,59.86
91,ORD-10041,PROD-013,3,50.36,0.05,143.53,86.52,57.01
92,ORD-10042,PROD-003,3,77.22,0.0,231.66,132.49,99.17
93,ORD-10043,PROD-013,2,54.12,0.05,102.83,48.4,54.43
94,ORD-10043,PROD-002,4,262.46,0.0,1049.84,566.29,483.55
95,ORD-10044,PROD-006,4,89.24,0.1,321.26,203.34,117.92
96,ORD-10044,PROD-007,3,480.85,0.0,1442.55,953.58,488.97
97,ORD-10044,PROD-011,1,81.75,0.0,81.75,54.06,27.69
98,ORD-10045,PROD-014,4,31.83,0.0,127.32,75.23,52.09
99,ORD-10045,PROD-004,4,43.62,0.0,174.48,111.12,63.36
100,ORD-10045,PROD-015,2,18.78,0.0,37.56,23.76,13.8
101,ORD-10046,PROD-010,1,42.56,0.0,42.56,26.84,15.72
102,ORD-10046,PROD-011,3,89.6,0.05,255.36,179.63,75.73
103,ORD-10047,PROD-014,4,31.62,0.0,126.48,82.35,44.13
104,ORD-10047,PROD-004,1,43.01,0.05,40.86,25.12,15.74
105,ORD-10048,PROD-003,1,71.5,0.0,71.5,38.33,33.17
106,ORD-10049,PROD-010,2,46.86,0.0,93.72,54.69,39.03
107,ORD-10049,PROD-009,2,184.85,0.1,332.73,203.36,129.37
108,ORD-10050,PROD-013,1,56.61,0.0,56.61,34.88,21.73
109,ORD-10050,PROD-011,4,79.82,0.05,303.32,199.77,103.55
110,ORD-10050,PROD-008,1,227.3,0.0,227.3,126.85,100.45
111,ORD-10051,PROD-002,1,286.78,0.05,272.44,172.55,99.89
112,ORD-10052,PROD-007,1,491.96,0.0,491.96,268.75,223.21
113,ORD-10053,PROD-003,1,80.14,0.05,76.13,54.11,22.02
114,ORD-10054,PROD-016,4,23.41,0.0,93.64,52.39,41.25
115,ORD-10054,PROD-004,3,40.61,0.1,109.65,73.38,36.27
116,ORD-10054,PROD-005,1,107.96,0.1,97.16,67.25,29.91
117,ORD-10055,PROD-008,4,258.71,0.1,931.36,495.17,436.19
118,ORD-10055,PROD-005,1,120.09,0.1,108.08,56.62,51.46
119,ORD-10055,PROD-002,2,294.52,0.15,500.68,317.57,183.11
120,ORD-10056,PROD-015,4,17.5,0.05,66.5,43.42,23.08
121,ORD-10057,PROD-013,4,59.9,0.15,203.66,103.62,100.04
122,ORD-10057,PROD-014,3,29.53,0.0,88.59,59.87,28.72
123,ORD-10057,PROD-002,1,291.18,0.0,291.18,176.46,114.72
124,ORD-10058,PROD-002,4,296.68,0.0,1186.72,664.68,522.04
125,ORD-10058,PROD-016,2,21.38,0.0,42.76,23.28,19.48
126,ORD-10058,PROD-009,2,187.0,0.0,374.0,193.42,180.58
127,ORD-10059,PROD-007,2,520.92,0.0,1041.84,503.11,538.73
128,ORD-10059,PROD-003,1,69.78,0.15,59.31,30.69,28.62
129,ORD-10059,PROD-012,1,64.95,0.1,58.46,34.67,23.79
130,ORD-10060,PROD-012,2,69.17,0.0,138.34,93.84,44.5
131,ORD-10061,PROD-007,2,487.2,0.0,974.4,456.27,518.13
132,ORD-10062,PROD-006,3,86.24,0.15,219.91,112.78,107.13
133,ORD-10062,PROD-005,3,117.16,0.0,351.48,217.45,134.03
134,ORD-10063,PROD-009,2,163.49,0.1,294.28,157.91,136.37
135,ORD-10063,PROD-015,3,19.19,0.0,57.57,34.28,23.29
136,ORD-10064,PROD-016,4,21.29,0.0,85.16,43.69,41.47
137,ORD-10064,PROD-014,3,28.22,0.0,84.66,39.5,45.16
138,ORD-10065,PROD-012,2,63.08,0.0,126.16,83.45,42.71
139,ORD-10065,PROD-015,2,19.04,0.0,38.08,20.49,17.59
140,ORD-10065,PROD-005,2,121.01,0.0,242.02,162.57,79.45
141,ORD-10066,PROD-012,4,69.5,0.15,236.3,164.34,71.96
142,ORD-10067,PROD-016,1,22.24,0.1,20.02,13.01,7.01
143,ORD-10068,PROD-007,3,508.31,0.0,1524.93,759.96,764.97
144,ORD-10069,PROD-004,3,37.69,0.0,113.07,79.52,33.55
145,ORD-10069,PROD-011,3,90.44,0.1,244.19,155.81,88.38
146,ORD-10069,PROD-003,3,68.64,0.0,205.92,110.11,95.81
147,ORD-10070,PROD-011,3,90.7,0.05,258.5,129.81,128.69
148,ORD-10070,PROD-013,3,59.19,0.0,177.57,85.17,92.4
149,ORD-10071,PROD-016,2,20.78,0.0,41.56,21.03,20.53
150,ORD-10071,PROD-011,1,78.18,0.1,70.36,31.78,38.58
151,ORD-10071,PROD-008,1,228.97,0.1,206.07,111.81,94.26
152,ORD-10072,PROD-003,2,70.24,0.1,126.43,68.08,58.35
153,ORD-10073,PROD-012,3,65.15,0.0,195.45,127.21,68.24
154,ORD-10074,PROD-014,1,29.06,0.05,27.61,18.36,9.25
155,ORD-10074,PROD-006,2,93.09,0.1,167.56,117.97,49.59
156,ORD-10075,PROD-010,4,42.35,0.05,160.93,96.13,64.8
157,ORD-10075,PROD-015,2,18.56,0.0,37.12,16.97,20.15
158,ORD-10075,PROD-007,4,492.71,0.15,1675.21,1077.3,597.91
159,ORD-10076,PROD-009,1,176.18,0.0,176.18,97.72,78.46
160,ORD-10076,PROD-003,4,76.59,0.0,306.36,198.09,108.27
161,ORD-10076,PROD-005,3,110.92,0.05,316.12,215.28,100.84
162,ORD-10077,PROD-001,4,977.04,0.0,3908.16,2657.08,1251.08
163,ORD-10077,PROD-009,1,192.76,0.1,173.48,86.58,86.9
164,ORD-10078,PROD-004,4,44.17,0.05,167.85,89.41,78.44
165,ORD-10078,PROD-014,3,31.75,0.15,80.96,47.96,33.0
166,ORD-10078,PROD-016,2,22.38,0.1,40.28,19.23,21.05
167,ORD-10079,PROD-016,3,24.27,0.1,65.53,39.96,25.57
168,ORD-10079,PROD-011,4,82.64,0.0,330.56,150.96,179.6
169,ORD-10079,PROD-008,4,241.86,0.0,967.44,522.71,444.73
170,ORD-10080,PROD-001,3,1041.72,0.0,3125.16,1649.23,1475.93
171,ORD-10081,PROD-005,4,106.86,0.05,406.07,219.71,186.36
172,ORD-10081,PROD-004,2,41.4,0.0,82.8,48.07,34.73
173,ORD-10082,PROD-005,2,108.74,0.0,217.48,120.35,97.13
174,ORD-10082,PROD-015,3,16.38,0.0,49.14,33.31,15.83
175,ORD-10082,PROD-003,2,69.16,0.0,138.32,85.28,53.04
176,ORD-10083,PROD-009,1,185.79,0.05,176.5,93.02,83.48
177,ORD-10083,PROD-014,3,31.52,0.0,94.56,47.7,46.86
178,ORD-10083,PROD-011,3,81.77,0.0,245.31,171.63,73.68
179,ORD-10084,PROD-015,4,19.79,0.05,75.2,44.66,30.54
180,ORD-10085,PROD-014,1,31.28,0.1,28.15,17.41,10.74
181,ORD-10086,PROD-011,1,95.12,0.0,95.12,49.29,45.83
182,ORD-10087,PROD-003,4,82.11,0.0,328.44,195.54,132.9
183,ORD-10088,PROD-001,3,1051.08,0.0,3153.24,1701.76,1451.48
184,ORD-10088,PROD-014,4,31.14,0.1,112.1,80.64,31.46
185,ORD-10089,PROD-013,2,59.2,0.0,118.4,81.08,37.32
186,ORD-10089,PROD-016,2,23.39,0.0,46.78,29.31,17.47
187,ORD-10089,PROD-010,2,47.99,0.0,95.98,58.95,37.03
188,ORD-10090,PROD-006,4,97.69,0.1,351.68,172.66,179.02
189,ORD-10091,PROD-005,3,111.29,0.1,300.48,160.42,140.06
190,ORD-10092,PROD-005,2,119.9,0.15,203.83,115.22,88.61
191,ORD-10092,PROD-013,4,56.15,0.0,224.6,154.3,70.3
192,ORD-10092,PROD-016,3,20.87,0.0,62.61,29.23,33.38
193,ORD-10093,PROD-009,4,171.01,0.0,684.04,369.27,314.77
194,ORD-10093,PROD-013,2,59.43,0.0,118.86,68.14,50.72
195,ORD-10093,PROD-010,1,42.27,0.1,38.04,21.85,16.19
196,ORD-10094,PROD-002,1,253.2,0.0,253.2,142.27,110.93
197,ORD-10094,PROD-014,4,29.83,0.0,119.32,78.94,40.38
198,ORD-10095,PROD-010,4,49.72,0.0,198.88,118.88,80.0
199,ORD-10096,PROD-004,3,36.73,0.0,110.19,62.66,47.53
200,ORD-10097,PROD-011,3,91.35,0.05,260.35,183.07,77.28
201,ORD-10097,PROD-010,4,41.4,0.0,165.6,117.48,48.12
202,ORD-10098,PROD-008,4,221.12,0.0,884.48,428.88,455.6
203,ORD-10099,PROD-011,2,83.44,0.1,150.19,74.5,75.69
204,ORD-10099,PROD-007,1,570.47,0.0,570.47,293.62,276.85
205,ORD-10100,PROD-007,4,542.17,0.0,2168.68,1236.78,931.9
206,ORD-10101,PROD-010,2,43.1,0.05,81.89,52.73,29.16
207,ORD-10101,PROD-008,4,267.04,0.15,907.94,469.28,438.66
208,ORD-10102,PROD-011,3,82.4,0.0,247.2,132.65,114.55
209,ORD-10102,PROD-010,2,40.57,0.1,73.03,43.0,30.03
210,ORD-10103,PROD-002,3,252.48,0.0,757.44,542.59,214.85
211,ORD-10103,PROD-009,3,170.35,0.1,459.94,210.74,249.2
212,ORD-10104,PROD-015,1,18.36,0.0,18.36,9.7,8.66
213,ORD-10104,PROD-008,1,230.32,0.1,207.29,133.71,73.58
214,ORD-10105,PROD-016,4,21.33,0.0,85.32,50.05,35.27
215,ORD-10106,PROD-012,1,64.35,0.0,64.35,41.0,23.35
216,ORD-10107,PROD-002,4,284.74,0.0,1138.96,634.55,504.41
217,ORD-10107,PROD-014,2,30.75,0.0,61.5,35.55,25.95
218,ORD-10108,PROD-009,2,169.2,0.0,338.4,181.77,156.63
219,ORD-10109,PROD-011,1,84.7,0.0,84.7,49.54,35.16
220,ORD-10109,PROD-008,1,250.13,0.0,250.13,148.26,101.87
221,ORD-10110,PROD-008,1,240.67,0.0,240.67,150.51,90.16
222,ORD-10110,PROD-012,1,60.35,0.05,57.33,35.75,21.58
223,ORD-10110,PROD-004,2,36.99,0.0,73.98,38.43,35.55
224,ORD-10111,PROD-013,1,51.56,0.0,51.56,29.66,21.9
225,ORD-10111,PROD-008,4,230.74,0.15,784.52,358.25,426.27
226,ORD-10112,PROD-015,3,18.77,0.15,47.86,33.32,14.54
227,ORD-10112,PROD-009,2,185.3,0.0,370.6,176.48,194.12
228,ORD-10113,PROD-003,1,73.08,0.1,65.77,47.02,18.75
229,ORD-10113,PROD-001,1,929.25,0.05,882.79,555.1,327.69
230,ORD-10114,PROD-007,3,561.95,0.0,1685.85,950.4,735.45
231,ORD-10114,PROD-006,2,105.1,0.0,210.2,119.91,90.29
232,ORD-10115,PROD-012,1,59.81,0.1,53.83,32.69,21.14
233,ORD-10115,PROD-010,4,49.11,0.0,196.44,109.67,86.77
234,ORD-10115,PROD-009,3,185.28,0.1,500.26,227.48,272.78
235,ORD-10116,PROD-004,4,42.3,0.05,160.74,111.09,49.65
236,ORD-10116,PROD-007,2,508.32,0.0,1016.64,493.13,523.51
237,ORD-10117,PROD-012,2,69.61,0.0,139.22,87.47,51.75
238,ORD-10118,PROD-015,1,16.86,0.05,16.02,7.97,8.05
239,ORD-10118,PROD-002,2,290.27,0.0,580.54,337.04,243.5
240,ORD-10119,PROD-005,2,106.49,0.0,212.98,119.16,93.82
241,ORD-10119,PROD-013,2,49.53,0.15,84.2,58.49,25.71
242,ORD-10119,PROD-011,2,87.06,0.0,174.12,121.38,52.74
243,ORD-10120,PROD-015,4,16.95,0.0,67.8,32.21,35.59
244,ORD-10120,PROD-003,1,76.98,0.0,76.98,45.31,31.67
245,ORD-10120,PROD-014,1,27.93,0.0,27.93,17.42,10.51
246,ORD-10121,PROD-010,3,41.52,0.0,124.56,70.55,54.01
247,ORD-10122,PROD-012,1,69.66,0.1,62.69,34.69,28.0
248,ORD-10122,PROD-015,4,18.14,0.0,72.56,34.19,38.37
249,ORD-10122,PROD-006,1,101.43,0.15,86.22,60.7,25.52
250,ORD-10123,PROD-003,2,73.27,0.0,146.54,97.25,49.29
251,ORD-10124,PROD-008,2,264.03,0.0,528.06,354.49,173.57
252,ORD-10124,PROD-011,1,91.56,0.0,91.56,51.43,40.13
253,ORD-10124,PROD-005,1,122.36,0.1,110.12,64.51,45.61
254,ORD-10125,PROD-016,1,21.46,0.15,18.24,11.31,6.93
255,ORD-10126,PROD-010,3,49.69,0.0,149.07,101.01,48.06
256,ORD-10127,PROD-004,1,43.18,0.0,43.18,28.72,14.46
257,ORD-10127,PROD-014,2,32.88,0.1,59.18,38.05,21.13
258,ORD-10128,PROD-001,3,1008.83,0.0,3026.49,1775.44,1251.05
259,ORD-10128,PROD-016,1,24.44,0.0,24.44,15.73,8.71
260,ORD-10128,PROD-013,3,54.42,0.1,146.93,71.83,75.1
261,ORD-10129,PROD-013,3,61.39,0.0,184.17,91.72,92.45
262,ORD-10129,PROD-015,4,17.14,0.05,65.13,43.9,21.23
263,ORD-10129,PROD-005,2,113.46,0.05,215.57,98.7,116.87
264,ORD-10130,PROD-003,2,80.71,0.0,161.42,103.96,57.46
265,ORD-10130,PROD-014,3,31.75,0.05,90.49,42.72,47.77
266,ORD-10130,PROD-004,2,38.16,0.1,68.69,37.13,31.56
267,ORD-10131,PROD-011,1,82.15,0.0,82.15,47.35,34.8
268,ORD-10131,PROD-009,1,198.69,0.05,188.76,106.29,82.47
269,ORD-10132,PROD-012,3,62.64,0.0,187.92,133.92,54.0
270,ORD-10132,PROD-014,4,31.06,0.1,111.82,52.69,59.13
271,ORD-10133,PROD-010,2,41.53,0.05,78.91,41.89,37.02
272,ORD-10133,PROD-016,4,19.83,0.05,75.35,50.7,24.65
273,ORD-10134,PROD-007,3,576.35,0.0,1729.05,1138.4,590.65
274,ORD-10134,PROD-014,4,27.53,0.05,104.61,66.54,38.07
275,ORD-10135,PROD-011,3,87.11,0.0,261.33,185.68,75.65
276,ORD-10135,PROD-016,3,22.92,0.0,68.76,48.77,19.99
277,ORD-10136,PROD-006,1,100.42,0.1,90.38,56.96,33.42
278,ORD-10136,PROD-010,1,45.48,0.1,40.93,23.78,17.15
279,ORD-10136,PROD-004,1,43.21,0.0,43.21,29.48,13.73
280,ORD-10137,PROD-008,3,226.91,0.05,646.69,442.3,204.39
281,ORD-10137,PROD-010,4,45.91,0.0,183.64,87.07,96.57
282,ORD-10137,PROD-014,4,28.96,0.0,115.84,82.25,33.59
283,ORD-10138,PROD-014,1,28.56,0.05,27.13,18.61,8.52
284,ORD-10138,PROD-010,1,44.31,0.0,44.31,20.47,23.84
285,ORD-10139,PROD-004,2,40.66,0.05,77.25,51.38,25.87
286,ORD-10139,PROD-013,4,55.21,0.0,220.84,149.87,70.97
287,ORD-10139,PROD-012,3,66.42,0.05,189.3,132.95,56.35
288,ORD-10140,PROD-013,3,58.92,0.0,176.76,100.89,75.87
289,ORD-10140,PROD-012,1,59.0,0.0,59.0,35.22,23.78
290,ORD-10141,PROD-013,1,58.08,0.0,58.08,32.71,25.37
291,ORD-10141,PROD-016,2,21.18,0.05,40.24,28.38,11.86
292,ORD-10142,PROD-004,4,37.57,0.0,150.28,70.95,79.33
293,ORD-10143,PROD-016,2,20.05,0.0,40.1,18.09,22.01
294,ORD-10144,PROD-014,2,31.1,0.05,59.09,37.75,21.34
295,ORD-10144,PROD-012,2,67.61,0.1,121.7,70.09,51.61
296,ORD-10144,PROD-006,4,106.0,0.05,402.8,194.09,208.71
297,ORD-10145,PROD-015,2,18.2,0.05,34.58,17.46,17.12
298,ORD-10145,PROD-005,2,116.5,0.0,233.0,157.45,75.55
299,ORD-10146,PROD-016,4,22.83,0.0,91.32,61.72,29.6
300,ORD-10146,PROD-001,2,1040.08,0.0,2080.16,1431.67,648.49
301,ORD-10147,PROD-011,4,80.22,0.15,272.75,122.9,149.85
302,ORD-10148,PROD-010,4,49.88,0.0,199.52,107.95,91.57
303,ORD-10148,PROD-014,2,32.21,0.05,61.2,42.23,18.97
304,ORD-10149,PROD-003,3,74.21,0.1,200.37,110.69,89.68
305,ORD-10150,PROD-011,2,94.68,0.0,189.36,103.32,86.04
306,ORD-10150,PROD-001,4,1036.17,0.1,3730.21,2604.97,1125.24
307,ORD-10150,PROD-008,2,227.67,0.05,432.57,253.09,179.48
308,ORD-10151,PROD-005,3,121.21,0.05,345.45,247.86,97.59
309,ORD-10151,PROD-001,4,880.18,0.1,3168.65,1559.88,1608.77
310,ORD-10151,PROD-011,1,85.14,0.1,76.63,35.54,41.09
311,ORD-10152,PROD-007,1,539.15,0.05,512.19,347.96,164.23
312,ORD-10152,PROD-014,3,32.46,0.05,92.51,60.67,31.84
313,ORD-10153,PROD-016,1,24.6,0.05,23.37,12.37,11.0
314,ORD-10153,PROD-006,2,87.24,0.05,165.76,88.53,77.23
315,ORD-10153,PROD-012,3,68.56,0.0,205.68,127.61,78.07
316,ORD-10154,PROD-013,1,60.79,0.05,57.75,34.99,22.76
317,ORD-10154,PROD-003,1,68.89,0.05,65.45,41.96,23.49
318,ORD-10155,PROD-005,1,116.36,0.0,116.36,68.34,48.02
319,ORD-10156,PROD-015,3,19.39,0.1,52.35,35.83,16.52
320,ORD-10156,PROD-002,1,312.37,0.05,296.75,190.4,106.35
321,ORD-10157,PROD-006,4,103.23,0.1,371.63,221.58,150.05
322,ORD-10157,PROD-004,3,40.01,0.05,114.03,62.3,51.73
323,ORD-10157,PROD-003,3,75.81,0.0,227.43,158.59,68.84
324,ORD-10158,PROD-013,3,52.48,0.0,157.44,97.56,59.88
325,ORD-10159,PROD-010,4,43.25,0.0,173.0,93.24,79.76
326,ORD-10159,PROD-012,3,71.64,0.0,214.92,128.56,86.36
327,ORD-10159,PROD-015,2,17.01,0.1,30.62,14.27,16.35
328,ORD-10160,PROD-014,3,28.31,0.0,84.93,47.06,37.87
329,ORD-10160,PROD-001,1,1008.67,0.1,907.8,474.55,433.25
330,ORD-10160,PROD-003,4,75.18,0.0,300.72,156.62,144.1
331,ORD-10161,PROD-012,1,69.58,0.05,66.1,39.61,26.49
332,ORD-10161,PROD-015,1,19.98,0.1,17.98,11.53,6.45
333,ORD-10162,PROD-010,4,48.83,0.15,166.02,94.0,72.02
334,ORD-10162,PROD-015,2,18.18,0.05,34.54,16.13,18.41
335,ORD-10163,PROD-010,3,49.87,0.05,142.13,72.39,69.74
336,ORD-10164,PROD-012,2,63.64,0.0,127.28,90.63,36.65
337,ORD-10164,PROD-013,4,55.45,0.15,188.53,104.37,84.16
338,ORD-10164,PROD-003,3,70.2,0.0,210.6,98.51,112.09
339,ORD-10165,PROD-003,3,68.82,0.0,206.46,93.46,113.0
340,ORD-10165,PROD-010,4,47.02,0.0,188.08,113.05,75.03
341,ORD-10165,PROD-009,1,195.84,0.05,186.05,86.35,99.7
342,ORD-10166,PROD-006,3,86.89,0.15,221.57,101.19,120.38
343,ORD-10167,PROD-016,3,24.1,0.0,72.3,44.38,27.92
344,ORD-10167,PROD-010,2,50.11,0.05,95.21,51.49,43.72
345,ORD-10167,PROD-004,2,40.35,0.0,80.7,48.5,32.2
346,ORD-10168,PROD-009,3,176.5,0.0,529.5,346.2,183.3
347,ORD-10168,PROD-016,1,24.07,0.05,22.87,14.04,8.83
348,ORD-10168,PROD-007,2,534.0,0.0,1068.0,583.31,484.69
349,ORD-10169,PROD-003,4,81.12,0.0,324.48,178.98,145.5
350,ORD-10170,PROD-008,1,257.74,0.0,257.74,136.98,120.76
351,ORD-10170,PROD-011,3,88.02,0.0,264.06,146.66,117.4
352,ORD-10170,PROD-004,3,37.03,0.0,111.09,77.61,33.48
353,ORD-10171,PROD-015,4,19.3,0.0,77.2,36.55,40.65
354,ORD-10172,PROD-007,4,528.0,0.05,2006.4,1325.15,681.25
355,ORD-10173,PROD-009,1,182.78,0.05,173.64,93.98,79.66
356,ORD-10174,PROD-011,3,81.42,0.05,232.05,116.3,115.75
357,ORD-10174,PROD-001,1,1034.53,0.0,1034.53,707.15,327.38
358,ORD-10174,PROD-005,4,108.89,0.0,435.56,264.86,170.7
359,ORD-10175,PROD-012,1,69.32,0.0,69.32,45.13,24.19
360,ORD-10175,PROD-014,2,32.23,0.0,64.46,40.26,24.2
361,ORD-10175,PROD-004,4,38.17,0.0,152.68,74.14,78.54
362,ORD-10176,PROD-011,1,89.48,0.0,89.48,49.27,40.21
363,ORD-10177,PROD-009,4,191.52,0.0,766.08,407.36,358.72
364,ORD-10178,PROD-006,4,88.23,0.0,352.92,173.48,179.44
365,ORD-10178,PROD-010,4,44.83,0.0,179.32,94.79,84.53
366,ORD-10179,PROD-013,4,49.55,0.0,198.2,111.49,86.71
367,ORD-10180,PROD-006,3,95.47,0.15,243.45,154.2,89.25
368,ORD-10181,PROD-011,3,93.61,0.0,280.83,131.16,149.67
369,ORD-10181,PROD-002,1,261.84,0.0,261.84,137.99,123.85
370,ORD-10181,PROD-013,1,56.08,0.05,53.28,31.46,21.82
371,ORD-10182,PROD-011,2,77.52,0.0,155.04,89.94,65.1
372,ORD-10183,PROD-011,2,82.18,0.0,164.36,88.03,76.33
373,ORD-10184,PROD-008,3,257.63,0.1,695.6,492.93,202.67
374,ORD-10184,PROD-010,4,43.8,0.0,175.2,115.45,59.75
375,ORD-10184,PROD-014,2,27.36,0.05,51.98,34.72,17.26
376,ORD-10185,PROD-008,2,255.48,0.0,510.96,238.2,272.76
377,ORD-10185,PROD-007,4,492.43,0.05,1871.23,1046.67,824.56
378,ORD-10186,PROD-009,4,185.19,0.05,703.72,453.33,250.39
379,ORD-10186,PROD-004,2,36.75,0.1,66.15,33.23,32.92
380,ORD-10187,PROD-012,1,67.48,0.0,67.48,46.94,20.54
381,ORD-10187,PROD-011,4,83.42,0.0,333.68,228.79,104.89
382,ORD-10188,PROD-011,3,88.09,0.0,264.27,179.99,84.28
383,ORD-10188,PROD-006,1,95.5,0.0,95.5,55.5,40.0
384,ORD-10188,PROD-012,2,62.3,0.1,112.14,56.7,55.44
385,ORD-10189,PROD-016,4,21.66,0.0,86.64,59.95,26.69
386,ORD-10189,PROD-008,2,222.09,0.1,399.76,237.03,162.73
387,ORD-10189,PROD-012,1,61.78,0.0,61.78,28.43,33.35
388,ORD-10190,PROD-009,3,198.71,0.05,566.32,312.89,253.43
389,ORD-10190,PROD-002,4,275.37,0.1,991.33,610.8,380.53
390,ORD-10190,PROD-008,3,258.88,0.1,698.98,347.03,351.95
391,ORD-10191,PROD-007,1,473.65,0.05,449.97,248.98,200.99
392,ORD-10191,PROD-001,2,919.8,0.1,1655.64,1132.67,522.97
393,ORD-10191,PROD-011,1,76.59,0.0,76.59,40.47,36.12
394,ORD-10192,PROD-015,3,18.88,0.05,53.81,38.1,15.71
395,ORD-10192,PROD-010,3,43.66,0.15,111.33,78.15,33.18
396,ORD-10193,PROD-002,2,303.0,0.1,545.4,251.15,294.25
397,ORD-10193,PROD-005,2,111.31,0.05,211.49,115.31,96.18
398,ORD-10194,PROD-011,3,78.06,0.1,210.76,127.83,82.93
399,ORD-10195,PROD-016,3,23.85,0.0,71.55,45.25,26.3
400,ORD-10196,PROD-011,4,90.48,0.05,343.82,230.54,113.28
401,ORD-10197,PROD-006,1,94.82,0.1,85.34,44.51,40.83
402,ORD-10197,PROD-005,4,102.72,0.1,369.79,192.97,176.82
403,ORD-10197,PROD-012,1,64.15,0.05,60.94,29.9,31.04
404,ORD-10198,PROD-002,1,282.21,0.0,282.21,188.15,94.06
405,ORD-10198,PROD-006,2,97.12,0.0,194.24,111.54,82.7
406,ORD-10199,PROD-005,4,109.46,0.05,415.95,195.54,220.41
407,ORD-10199,PROD-001,2,1023.37,0.0,2046.74,1430.09,616.65
408,ORD-10199,PROD-004,1,40.9,0.05,38.85,21.0,17.85
409,ORD-10200,PROD-005,4,115.68,0.0,462.72,252.79,209.93
410,ORD-10200,PROD-010,3,43.67,0.1,117.91,73.89,44.02
411,ORD-10200,PROD-009,3,197.23,0.0,591.69,298.44,293.25
412,ORD-10201,PROD-008,1,243.3,0.1,218.97,146.09,72.88
413,ORD-10201,PROD-001,1,857.26,0.05,814.4,391.39,423.01
414,ORD-10201,PROD-011,1,78.79,0.0,78.79,54.16,24.63
415,ORD-10202,PROD-005,1,122.82,0.05,116.68,76.9,39.78
416,ORD-10202,PROD-004,3,37.17,0.1,100.36,52.34,48.02
417,ORD-10203,PROD-014,3,30.42,0.0,91.26,48.81,42.45
418,ORD-10204,PROD-001,2,905.53,0.0,1811.06,1248.63,562.43
419,ORD-10205,PROD-006,3,101.62,0.0,304.86,213.1,91.76
420,ORD-10205,PROD-013,3,51.63,0.0,154.89,80.35,74.54
421,ORD-10205,PROD-007,4,532.05,0.0,2128.2,1247.83,880.37
422,ORD-10206,PROD-001,3,963.35,0.0,2890.05,2029.33,860.72
423,ORD-10207,PROD-009,1,190.3,0.15,161.75,112.63,49.12
424,ORD-10207,PROD-006,1,105.84,0.0,105.84,63.08,42.76
425,ORD-10208,PROD-011,2,86.67,0.0,173.34,100.16,73.18
426,ORD-10208,PROD-007,3,547.61,0.0,1642.83,1073.58,569.25
427,ORD-10209,PROD-011,1,92.08,0.1,82.87,51.35,31.52
428,ORD-10209,PROD-015,3,18.39,0.0,55.17,25.48,29.69
429,ORD-10210,PROD-016,4,22.15,0.0,88.6,47.54,41.06
430,ORD-10211,PROD-004,4,41.48,0.0,165.92,97.25,68.67
431,ORD-10211,PROD-003,1,82.81,0.15,70.39,42.22,28.17
432,ORD-10212,PROD-015,1,16.71,0.0,16.71,8.76,7.95
433,ORD-10213,PROD-011,1,82.17,0.0,82.17,38.45,43.72
434,ORD-10214,PROD-013,2,59.34,0.05,112.75,70.88,41.87
435,ORD-10215,PROD-008,3,223.53,0.0,670.59,451.99,218.6
436,ORD-10215,PROD-001,3,957.27,0.0,2871.81,1499.94,1371.87
437,ORD-10215,PROD-013,1,57.0,0.05,54.15,35.73,18.42
438,ORD-10216,PROD-008,3,262.22,0.05,747.33,427.88,319.45
439,ORD-10216,PROD-007,4,512.63,0.0,2050.52,1327.82,722.7
440,ORD-10216,PROD-006,1,95.81,0.05,91.02,45.61,45.41
441,ORD-10217,PROD-016,1,23.11,0.0,23.11,15.25,7.86
442,ORD-10217,PROD-005,1,112.58,0.05,106.95,57.52,49.43
443,ORD-10217,PROD-013,1,60.33,0.0,60.33,32.83,27.5
444,ORD-10218,PROD-014,1,31.56,0.05,29.98,16.77,13.21
445,ORD-10218,PROD-007,1,534.93,0.0,534.93,312.31,222.62
446,ORD-10218,PROD-004,4,37.55,0.05,142.69,80.55,62.14
447,ORD-10219,PROD-007,4,518.78,0.0,2075.12,1299.75,775.37
448,ORD-10219,PROD-006,4,95.31,0.0,381.24,181.92,199.32
449,ORD-10219,PROD-009,3,164.18,0.1,443.29,283.62,159.67
450,ORD-10220,PROD-002,2,299.76,0.0,599.52,391.77,207.75
451,ORD-10221,PROD-011,2,87.79,0.1,158.02,113.73,44.29
452,ORD-10222,PROD-002,2,303.54,0.05,576.73,355.17,221.56
453,ORD-10222,PROD-007,1,501.34,0.0,501.34,267.36,233.98
454,ORD-10222,PROD-008,3,243.07,0.0,729.21,426.03,303.18
455,ORD-10223,PROD-006,1,99.68,0.0,99.68,70.73,28.95
456,ORD-10223,PROD-016,3,24.08,0.15,61.4,41.87,19.53
457,ORD-10224,PROD-009,4,194.98,0.0,779.92,378.29,401.63
458,ORD-10225,PROD-008,3,241.78,0.0,725.34,433.97,291.37
459,ORD-10225,PROD-002,1,300.48,0.0,300.48,165.18,135.3
460,ORD-10226,PROD-006,3,102.97,0.0,308.91,177.06,131.85
461,ORD-10227,PROD-006,1,86.48,0.1,77.83,40.33,37.5
462,ORD-10228,PROD-012,1,61.83,0.05,58.74,39.46,19.28
463,ORD-10228,PROD-013,2,57.53,0.0,115.06,74.16,40.9
464,ORD-10229,PROD-007,2,502.1,0.0,1004.2,512.56,491.64
465,ORD-10229,PROD-001,4,1004.31,0.1,3615.52,2315.68,1299.84
466,ORD-10229,PROD-015,4,17.67,0.05,67.15,42.47,24.68
467,ORD-10230,PROD-015,2,19.71,0.1,35.48,19.55,15.93
468,ORD-10230,PROD-007,2,582.11,0.0,1164.22,733.88,430.34
469,ORD-10230,PROD-011,2,91.21,0.0,182.42,127.13,55.29
470,ORD-10231,PROD-010,4,47.87,0.15,162.76,92.49,70.27
471,ORD-10232,PROD-013,3,56.48,0.0,169.44,100.37,69.07
472,ORD-10233,PROD-008,3,229.87,0.0,689.61,438.64,250.97
473,ORD-10233,PROD-009,3,166.75,0.0,500.25,317.69,182.56
474,ORD-10234,PROD-002,3,304.36,0.05,867.43,587.5,279.93
475,ORD-10234,PROD-007,1,525.24,0.0,525.24,275.7,249.54
476,ORD-10235,PROD-006,1,86.62,0.15,73.63,43.67,29.96
477,ORD-10236,PROD-009,3,196.95,0.05,561.31,271.81,289.5
478,ORD-10236,PROD-014,3,29.74,0.05,84.76,46.01,38.75
479,ORD-10236,PROD-012,4,68.67,0.0,274.68,126.09,148.59
480,ORD-10237,PROD-013,4,52.88,0.05,200.94,93.43,107.51
481,ORD-10237,PROD-009,3,170.84,0.1,461.27,260.61,200.66
482,ORD-10237,PROD-002,1,255.37,0.0,255.37,127.15,128.22
483,ORD-10238,PROD-005,2,101.12,0.05,192.13,133.9,58.23
484,ORD-10238,PROD-014,3,31.8,0.05,90.63,44.76,45.87
485,ORD-10239,PROD-013,1,54.89,0.1,49.4,34.09,15.31
486,ORD-10240,PROD-012,3,67.43,0.0,202.29,111.68,90.61
487,ORD-10240,PROD-015,1,18.77,0.0,18.77,10.83,7.94
488,ORD-10241,PROD-008,2,249.39,0.0,498.78,310.43,188.35
489,ORD-10241,PROD-002,3,310.2,0.0,930.6,504.69,425.91
490,ORD-10242,PROD-014,2,32.65,0.05,62.03,31.04,30.99
491,ORD-10242,PROD-008,1,218.0,0.0,218.0,156.16,61.84
492,ORD-10243,PROD-013,4,53.89,0.05,204.78,126.67,78.11
493,ORD-10244,PROD-004,1,39.84,0.0,39.84,22.29,17.55
494,ORD-10244,PROD-012,4,64.41,0.0,257.64,176.91,80.73
495,ORD-10244,PROD-009,3,188.21,0.0,564.63,392.18,172.45
496,ORD-10245,PROD-004,1,38.67,0.05,36.74,24.37,12.37
497,ORD-10246,PROD-003,4,83.56,0.0,334.24,181.62,152.62
498,ORD-10246,PROD-006,3,91.72,0.05,261.4,172.43,88.97
499,ORD-10246,PROD-001,3,1051.5,0.1,2839.05,1688.07,1150.98
500,ORD-10247,PROD-005,1,118.91,0.0,118.91,66.16,52.75
501,ORD-10247,PROD-010,3,45.27,0.05,129.02,86.82,42.2
502,ORD-10248,PROD-009,3,192.95,0.1,520.96,301.76,219.2
503,ORD-10248,PROD-008,1,268.38,0.0,268.38,178.46,89.92
504,ORD-10248,PROD-002,3,257.39,0.1,694.95,438.29,256.66
505,ORD-10249,PROD-006,4,105.81,0.0,423.24,226.57,196.67
506,ORD-10249,PROD-010,1,43.08,0.1,38.77,26.49,12.28
507,ORD-10249,PROD-011,3,78.28,0.0,234.84,151.85,82.99
508,ORD-10250,PROD-009,1,197.81,0.15,168.14,120.69,47.45
509,ORD-10250,PROD-010,2,49.73,0.0,99.46,70.27,29.19
510,ORD-10250,PROD-004,3,36.7,0.05,104.59,69.23,35.36
511,ORD-10251,PROD-016,1,23.13,0.05,21.97,15.44,6.53
512,ORD-10251,PROD-003,1,83.71,0.05,79.52,39.25,40.27
513,ORD-10252,PROD-014,3,28.45,0.0,85.35,56.43,28.92
514,ORD-10252,PROD-004,3,43.38,0.0,130.14,81.75,48.39
515,ORD-10252,PROD-003,3,78.3,0.0,234.9,123.08,111.82
516,ORD-10253,PROD-005,3,101.32,0.1,273.56,165.09,108.47
517,ORD-10253,PROD-011,4,77.67,0.1,279.61,132.8,146.81
518,ORD-10254,PROD-010,2,42.97,0.0,85.94,52.34,33.6
519,ORD-10254,PROD-005,1,104.57,0.0,104.57,70.38,34.19
520,ORD-10254,PROD-012,1,69.6,0.1,62.64,29.19,33.45
521,ORD-10255,PROD-011,1,81.52,0.0,81.52,52.2,29.32
522,ORD-10255,PROD-001,4,1010.52,0.1,3637.87,1903.61,1734.26
523,ORD-10256,PROD-002,2,263.29,0.05,500.25,269.38,230.87
524,ORD-10257,PROD-006,2,90.53,0.0,181.06,116.45,64.61
525,ORD-10257,PROD-016,2,23.12,0.1,41.62,21.54,20.08
526,ORD-10257,PROD-010,2,47.73,0.0,95.46,66.95,28.51
527,ORD-10258,PROD-005,2,104.56,0.0,209.12,115.14,93.98
528,ORD-10259,PROD-007,4,577.18,0.1,2077.85,1474.9,602.95
529,ORD-10259,PROD-009,1,181.6,0.05,172.52,113.52,59.0
530,ORD-10260,PROD-005,4,106.02,0.05,402.88,194.13,208.75
531,ORD-10260,PROD-014,1,27.19,0.0,27.19,13.03,14.16
532,ORD-10261,PROD-012,3,64.17,0.15,163.63,97.45,66.18
533,ORD-10261,PROD-001,2,1037.95,0.0,2075.9,1159.91,915.99
534,ORD-10261,PROD-016,2,21.61,0.15,36.74,16.75,19.99
535,ORD-10262,PROD-001,4,881.37,0.05,3349.21,2024.45,1324.76
536,ORD-10262,PROD-005,3,102.07,0.0,306.21,177.56,128.65
537,ORD-10262,PROD-010,3,41.4,0.0,124.2,82.91,41.29
538,ORD-10263,PROD-009,1,190.93,0.0,190.93,90.8,100.13
539,ORD-10263,PROD-006,3,91.66,0.0,274.98,140.36,134.62
540,ORD-10264,PROD-003,2,72.73,0.05,138.19,72.99,65.2
541,ORD-10264,PROD-013,4,56.36,0.05,214.17,96.54,117.63
542,ORD-10265,PROD-008,4,216.84,0.05,823.99,455.22,368.77
543,ORD-10266,PROD-004,3,41.12,0.15,104.86,68.75,36.11
544,ORD-10266,PROD-008,3,243.73,0.0,731.19,418.24,312.95
545,ORD-10267,PROD-007,2,506.09,0.05,961.57,488.82,472.75
546,ORD-10268,PROD-006,4,102.08,0.0,408.32,203.97,204.35
547,ORD-10269,PROD-006,1,97.81,0.0,97.81,63.62,34.19
548,ORD-10269,PROD-011,3,77.13,0.0,231.39,142.16,89.23
549,ORD-10270,PROD-010,1,49.39,0.0,49.39,28.05,21.34
550,ORD-10270,PROD-011,4,77.83,0.0,311.32,204.93,106.39
551,ORD-10271,PROD-016,2,20.66,0.0,41.32,23.26,18.06
552,ORD-10271,PROD-014,3,31.07,0.15,79.23,49.34,29.89
553,ORD-10272,PROD-014,2,29.25,0.0,58.5,37.57,20.93
554,ORD-10272,PROD-001,1,1027.49,0.0,1027.49,712.91,314.58
555,ORD-10273,PROD-008,1,246.4,0.0,246.4,119.19,127.21
556,ORD-10273,PROD-013,4,55.16,0.15,187.54,122.52,65.02
557,ORD-10273,PROD-009,3,190.96,0.1,515.59,245.67,269.92
558,ORD-10274,PROD-016,1,23.73,0.0,23.73,12.17,11.56
559,ORD-10275,PROD-015,3,17.77,0.05,50.64,30.73,19.91
560,ORD-10275,PROD-013,2,53.05,0.0,106.1,62.08,44.02
561,ORD-10276,PROD-014,4,27.6,0.05,104.88,49.73,55.15
562,ORD-10276,PROD-011,3,90.45,0.0,271.35,126.84,144.51
563,ORD-10276,PROD-009,4,185.35,0.0,741.4,505.46,235.94
564,ORD-10277,PROD-001,2,964.37,0.0,1928.74,1387.2,541.54
565,ORD-10277,PROD-009,3,179.91,0.0,539.73,249.87,289.86
566,ORD-10277,PROD-003,4,72.75,0.0,291.0,189.55,101.45
567,ORD-10278,PROD-002,3,295.91,0.0,887.73,463.29,424.44
568,ORD-10279,PROD-015,2,20.1,0.0,40.2,20.72,19.48
569,ORD-10279,PROD-007,2,545.05,0.0,1090.1,695.05,395.05
570,ORD-10280,PROD-006,3,105.42,0.0,316.26,168.69,147.57
571,ORD-10280,PROD-004,3,38.6,0.0,115.8,58.99,56.81
572,ORD-10280,PROD-011,2,77.54,0.0,155.08,107.8,47.28
573,ORD-10281,PROD-003,3,72.72,0.0,218.16,106.23,111.93
574,ORD-10281,PROD-002,4,283.65,0.0,1134.6,566.08,568.52
575,ORD-10281,PROD-004,4,43.03,0.1,154.91,109.07,45.84
576,ORD-10282,PROD-013,3,52.9,0.15,134.89,66.29,68.6
577,ORD-10282,PROD-006,3,101.95,0.0,305.85,167.37,138.48
578,ORD-10283,PROD-014,4,29.35,0.0,117.4,68.33,49.07
579,ORD-10284,PROD-002,3,253.11,0.05,721.36,477.96,243.4
580,ORD-10284,PROD-011,1,79.35,0.0,79.35,41.82,37.53
581,ORD-10284,PROD-001,1,953.39,0.1,858.05,521.85,336.2
582,ORD-10285,PROD-002,1,274.02,0.0,274.02,135.67,138.35
583,ORD-10286,PROD-002,3,256.88,0.0,770.64,412.24,358.4
584,ORD-10286,PROD-008,3,230.49,0.0,691.47,383.56,307.91
585,ORD-10287,PROD-011,3,82.35,0.0,247.05,112.42,134.63
586,ORD-10287,PROD-015,1,18.06,0.1,16.25,10.66,5.59
587,ORD-10287,PROD-009,1,183.3,0.0,183.3,89.66,93.64
588,ORD-10288,PROD-010,1,47.57,0.1,42.81,21.05,21.76
589,ORD-10288,PROD-002,4,282.04,0.05,1071.75,505.3,566.45
590,ORD-10289,PROD-011,3,88.54,0.0,265.62,180.1,85.52
591,ORD-10290,PROD-013,2,54.45,0.0,108.9,72.79,36.11
592,ORD-10291,PROD-012,1,71.76,0.05,68.17,38.18,29.99
593,ORD-10291,PROD-016,1,20.75,0.0,20.75,10.61,10.14
594,ORD-10291,PROD-002,2,258.91,0.0,517.82,299.98,217.84
595,ORD-10292,PROD-001,3,1002.77,0.0,3008.31,1558.61,1449.7
596,ORD-10292,PROD-007,2,475.28,0.0,950.56,559.27,391.29
597,ORD-10292,PROD-014,3,28.41,0.0,85.23,45.84,39.39
598,ORD-10293,PROD-002,2,294.29,0.0,588.58,367.92,220.66
599,ORD-10293,PROD-014,3,28.47,0.0,85.41,48.3,37.11
600,ORD-10294,PROD-005,1,119.05,0.0,119.05,61.2,57.85
601,ORD-10295,PROD-016,2,23.9,0.0,47.8,21.92,25.88
602,ORD-10295,PROD-003,4,82.08,0.0,328.32,175.51,152.81
603,ORD-10296,PROD-006,2,90.77,0.0,181.54,100.61,80.93
604,ORD-10297,PROD-004,4,41.43,0.1,149.15,86.48,62.67
605,ORD-10297,PROD-010,1,41.5,0.05,39.42,19.83,19.59
606,ORD-10297,PROD-013,2,58.91,0.1,106.04,58.06,47.98
607,ORD-10298,PROD-011,1,83.95,0.0,83.95,43.55,40.4
608,ORD-10298,PROD-012,3,65.51,0.0,196.53,116.84,79.69
609,ORD-10298,PROD-014,2,27.83,0.15,47.31,24.24,23.07
610,ORD-10299,PROD-006,3,99.46,0.1,268.54,125.03,143.51
611,ORD-10299,PROD-001,2,986.16,0.0,1972.32,1059.81,912.51
612,ORD-10300,PROD-011,1,77.26,0.0,77.26,39.0,38.26
613,ORD-10300,PROD-013,4,50.55,0.0,202.2,124.85,77.35
614,ORD-10301,PROD-001,1,966.66,0.1,869.99,528.54,341.45
615,ORD-10302,PROD-003,4,71.49,0.1,257.36,117.14,140.22
616,ORD-10302,PROD-016,2,20.7,0.0,41.4,29.72,11.68
617,ORD-10302,PROD-004,4,36.39,0.1,131.0,75.58,55.42
618,ORD-10303,PROD-013,2,59.61,0.1,107.3,72.16,35.14
619,ORD-10303,PROD-010,3,47.38,0.0,142.14,85.67,56.47
620,ORD-10303,PROD-015,1,18.94,0.05,17.99,11.58,6.41
621,ORD-10304,PROD-003,4,73.38,0.0,293.52,136.91,156.61
622,ORD-10304,PROD-004,1,38.74,0.0,38.74,20.28,18.46
623,ORD-10304,PROD-014,2,28.15,0.1,50.67,26.88,23.79
624,ORD-10305,PROD-010,4,46.71,0.05,177.5,110.01,67.49
625,ORD-10306,PROD-015,3,16.64,0.1,44.93,30.4,14.53
626,ORD-10307,PROD-005,3,103.15,0.05,293.98,180.67,113.31
627,ORD-10308,PROD-005,2,118.61,0.0,237.22,120.53,116.69
628,ORD-10308,PROD-009,1,198.86,0.0,198.86,120.47,78.39
629,ORD-10309,PROD-001,3,1019.06,0.0,3057.18,1902.64,1154.54
630,ORD-10309,PROD-003,3,67.69,0.05,192.92,121.27,71.65
631,ORD-10310,PROD-002,4,272.25,0.05,1034.55,645.37,389.18
632,ORD-10311,PROD-004,1,40.92,0.05,38.87,18.51,20.36
633,ORD-10312,PROD-015,2,17.55,0.0,35.1,21.27,13.83
634,ORD-10313,PROD-015,1,18.57,0.0,18.57,11.79,6.78
635,ORD-10313,PROD-004,3,43.67,0.0,131.01,69.76,61.25
636,ORD-10313,PROD-013,2,60.06,0.0,120.12,80.26,39.86
637,ORD-10314,PROD-008,4,246.47,0.05,936.59,581.81,354.78
638,ORD-10314,PROD-009,1,167.75,0.0,167.75,119.7,48.05
639,ORD-10315,PROD-001,4,975.29,0.15,3315.99,2261.39,1054.6
640,ORD-10315,PROD-011,2,89.8,0.0,179.6,109.0,70.6
641,ORD-10316,PROD-014,3,30.4,0.0,91.2,57.29,33.91
642,ORD-10316,PROD-013,4,58.46,0.1,210.46,138.08,72.38
643,ORD-10316,PROD-010,3,49.74,0.05,141.76,92.34,49.42
644,ORD-10317,PROD-007,2,548.33,0.0,1096.66,751.73,344.93
645,ORD-10318,PROD-005,1,109.47,0.0,109.47,57.11,52.36
646,ORD-10319,PROD-006,1,103.9,0.15,88.31,61.03,27.28
647,ORD-10319,PROD-010,3,44.62,0.05,127.17,81.6,45.57
648,ORD-10320,PROD-009,4,183.14,0.05,695.93,319.06,376.87
649,ORD-10321,PROD-013,1,57.25,0.0,57.25,35.9,21.35
650,ORD-10322,PROD-008,2,261.09,0.0,522.18,273.18,249.0
651,ORD-10322,PROD-013,1,52.72,0.0,52.72,24.16,28.56
652,ORD-10322,PROD-007,2,476.71,0.0,953.42,480.49,472.93
653,ORD-10323,PROD-004,3,38.0,0.0,114.0,81.59,32.41
654,ORD-10323,PROD-012,4,71.43,0.0,285.72,200.62,85.1
655,ORD-10324,PROD-005,2,115.96,0.1,208.73,115.08,93.65
656,ORD-10325,PROD-013,3,54.25,0.0,162.75,109.39,53.36
657,ORD-10325,PROD-007,3,574.09,0.0,1722.27,1189.02,533.25
658,ORD-10326,PROD-008,4,233.67,0.05,887.95,567.07,320.88
659,ORD-10326,PROD-001,2,884.08,0.0,1768.16,1009.54,758.62
660,ORD-10326,PROD-005,1,109.9,0.0,109.9,58.58,51.32
661,ORD-10327,PROD-002,3,294.34,0.05,838.87,561.12,277.75
662,ORD-10327,PROD-005,4,118.03,0.05,448.51,317.76,130.75
663,ORD-10327,PROD-009,2,173.45,0.0,346.9,204.99,141.91
664,ORD-10328,PROD-003,4,80.96,0.15,275.26,186.36,88.9
665,ORD-10328,PROD-015,1,18.62,0.1,16.76,9.37,7.39
666,ORD-10328,PROD-002,4,300.99,0.15,1023.37,589.63,433.74
667,ORD-10329,PROD-002,1,304.15,0.0,304.15,198.3,105.85
668,ORD-10330,PROD-010,4,48.28,0.15,164.15,89.64,74.51
669,ORD-10330,PROD-015,4,17.03,0.1,61.31,37.79,23.52
670,ORD-10331,PROD-004,1,39.25,0.05,37.29,18.53,18.76
671,ORD-10331,PROD-009,2,174.3,0.0,348.6,220.31,128.29
672,ORD-10332,PROD-013,4,60.1,0.0,240.4,113.26,127.14
673,ORD-10333,PROD-013,4,52.95,0.0,211.8,125.69,86.11
674,ORD-10333,PROD-004,2,38.16,0.05,72.5,41.3,31.2
675,ORD-10334,PROD-011,3,82.12,0.05,234.04,129.07,104.97
676,ORD-10334,PROD-001,2,864.83,0.1,1556.69,1042.12,514.57
677,ORD-10334,PROD-007,1,520.87,0.0,520.87,367.87,153.0
678,ORD-10335,PROD-005,3,115.62,0.0,346.86,208.52,138.34
679,ORD-10336,PROD-003,1,68.48,0.0,68.48,47.39,21.09
680,ORD-10337,PROD-004,4,38.51,0.1,138.64,78.57,60.07
681,ORD-10338,PROD-008,4,240.09,0.0,960.36,617.36,343.0
682,ORD-10338,PROD-003,4,73.77,0.0,295.08,136.34,158.74
683,ORD-10339,PROD-013,2,54.1,0.1,97.38,61.26,36.12
684,ORD-10340,PROD-007,4,500.31,0.1,1801.12,964.59,836.53
685,ORD-10340,PROD-013,1,57.85,0.1,52.07,26.34,25.73
686,ORD-10340,PROD-003,2,77.3,0.05,146.87,81.81,65.06
687,ORD-10341,PROD-011,4,85.91,0.05,326.46,173.0,153.46
688,ORD-10342,PROD-009,2,199.64,0.15,339.39,202.71,136.68
689,ORD-10342,PROD-008,2,240.48,0.0,480.96,295.52,185.44
690,ORD-10342,PROD-010,2,46.32,0.0,92.64,65.66,26.98
691,ORD-10343,PROD-003,3,83.0,0.05,236.55,111.22,125.33
692,ORD-10343,PROD-005,4,110.24,0.15,374.82,186.12,188.7
693,ORD-10343,PROD-008,1,266.11,0.0,266.11,186.81,79.3
694,ORD-10344,PROD-002,4,280.89,0.0,1123.56,538.17,585.39
695,ORD-10345,PROD-009,1,194.74,0.0,194.74,114.17,80.57
696,ORD-10345,PROD-016,1,23.61,0.1,21.25,14.37,6.88
697,ORD-10345,PROD-004,1,42.08,0.0,42.08,23.24,18.84
698,ORD-10346,PROD-005,2,116.37,0.05,221.1,102.53,118.57
699,ORD-10346,PROD-013,2,61.03,0.0,122.06,66.04,56.02
700,ORD-10347,PROD-001,2,937.95,0.0,1875.9,1034.34,841.56
701,ORD-10347,PROD-003,2,68.56,0.0,137.12,68.64,68.48
702,ORD-10347,PROD-007,4,470.19,0.1,1692.68,839.83,852.85
703,ORD-10348,PROD-010,3,41.53,0.15,105.9,72.25,33.65
704,ORD-10348,PROD-006,2,91.57,0.0,183.14,127.98,55.16
705,ORD-10349,PROD-012,3,70.56,0.05,201.1,106.51,94.59
706,ORD-10350,PROD-013,4,55.64,0.0,222.56,125.17,97.39
707,ORD-10351,PROD-010,2,44.2,0.1,79.56,55.51,24.05
708,ORD-10351,PROD-011,3,91.78,0.05,261.57,135.72,125.85
709,ORD-10351,PROD-009,3,176.22,0.05,502.23,242.01,260.22
710,ORD-10352,PROD-016,1,21.86,0.0,21.86,12.87,8.99
711,ORD-10352,PROD-004,3,40.47,0.0,121.41,71.3,50.11
712,ORD-10353,PROD-013,2,57.48,0.0,114.96,75.54,39.42
713,ORD-10354,PROD-002,1,282.93,0.15,240.49,169.36,71.13
714,ORD-10354,PROD-009,2,175.96,0.05,334.32,167.42,166.9
715,ORD-10355,PROD-013,1,55.78,0.1,50.2,26.12,24.08
716,ORD-10356,PROD-011,2,84.51,0.05,160.57,94.37,66.2
717,ORD-10357,PROD-011,1,88.61,0.0,88.61,58.53,30.08
718,ORD-10358,PROD-016,3,24.39,0.1,65.85,33.45,32.4
719,ORD-10358,PROD-002,3,254.75,0.1,687.83,359.12,328.71
720,ORD-10358,PROD-015,4,19.23,0.0,76.92,38.26,38.66
721,ORD-10359,PROD-006,4,87.5,0.05,332.5,207.72,124.78
722,ORD-10359,PROD-015,4,18.19,0.0,72.76,37.71,35.05
723,ORD-10359,PROD-011,1,87.43,0.0,87.43,50.87,36.56
724,ORD-10360,PROD-011,4,84.53,0.0,338.12,175.57,162.55
725,ORD-10360,PROD-007,1,580.84,0.0,580.84,279.12,301.72
726,ORD-10361,PROD-001,1,1012.02,0.05,961.42,484.14,477.28
727,ORD-10361,PROD-012,3,72.51,0.1,195.78,118.49,77.29
728,ORD-10362,PROD-014,2,27.78,0.15,47.23,31.29,15.94
729,ORD-10363,PROD-016,2,22.35,0.05,42.47,28.73,13.74
730,ORD-10363,PROD-015,3,18.11,0.0,54.33,32.67,21.66
731,ORD-10364,PROD-003,4,68.07,0.0,272.28,179.02,93.26
732,ORD-10365,PROD-005,1,118.9,0.05,112.95,80.24,32.71
733,ORD-10365,PROD-012,4,59.29,0.05,225.3,155.6,69.7
734,ORD-10366,PROD-009,1,163.65,0.0,163.65,90.12,73.53
735,ORD-10366,PROD-003,3,74.29,0.1,200.58,108.87,91.71
736,ORD-10366,PROD-006,3,103.16,0.0,309.48,153.35,156.13
737,ORD-10367,PROD-007,4,530.14,0.0,2120.56,1253.05,867.51
738,ORD-10367,PROD-012,1,66.11,0.0,66.11,37.69,28.42
739,ORD-10367,PROD-011,3,89.34,0.1,241.22,128.83,112.39
740,ORD-10368,PROD-003,4,81.31,0.0,325.24,154.38,170.86
741,ORD-10369,PROD-001,2,1013.15,0.05,1924.98,987.88,937.1
742,ORD-10370,PROD-015,1,17.4,0.0,17.4,10.5,6.9
743,ORD-10371,PROD-001,2,1045.15,0.1,1881.27,1130.12,751.15
744,ORD-10371,PROD-011,4,85.46,0.05,324.75,174.51,150.24
745,ORD-10371,PROD-006,3,94.91,0.0,284.73,164.35,120.38
746,ORD-10372,PROD-003,3,82.9,0.0,248.7,174.99,73.71
747,ORD-10373,PROD-010,2,46.05,0.0,92.1,65.47,26.63
748,ORD-10373,PROD-014,2,28.17,0.0,56.34,39.19,17.15
749,ORD-10373,PROD-013,4,49.65,0.0,198.6,127.03,71.57
750,ORD-10374,PROD-005,2,119.98,0.0,239.96,172.33,67.63
751,ORD-10375,PROD-006,3,104.39,0.0,313.17,185.31,127.86
752,ORD-10376,PROD-015,1,18.79,0.05,17.85,11.66,6.19
753,ORD-10376,PROD-008,2,263.51,0.1,474.32,340.28,134.04
754,ORD-10377,PROD-008,2,217.12,0.0,434.24,279.71,154.53
755,ORD-10377,PROD-009,3,163.27,0.05,465.32,299.37,165.95
756,ORD-10378,PROD-011,1,82.16,0.0,82.16,48.78,33.38
757,ORD-10378,PROD-005,3,113.94,0.15,290.55,157.24,133.31
758,ORD-10379,PROD-014,3,30.25,0.0,90.75,45.04,45.71
759,ORD-10379,PROD-013,2,58.54,0.1,105.37,74.67,30.7
760,ORD-10380,PROD-014,4,27.71,0.0,110.84,53.57,57.27
761,ORD-10380,PROD-009,4,162.57,0.0,650.28,406.59,243.69
762,ORD-10380,PROD-003,4,68.58,0.0,274.32,144.77,129.55
763,ORD-10381,PROD-006,2,95.84,0.0,191.68,114.14,77.54
764,ORD-10381,PROD-001,4,902.89,0.0,3611.56,2504.18,1107.38
765,ORD-10381,PROD-007,1,520.09,0.1,468.08,315.29,152.79
766,ORD-10382,PROD-005,1,110.51,0.0,110.51,75.4,35.11
767,ORD-10382,PROD-007,3,555.25,0.0,1665.75,1031.42,634.33
768,ORD-10382,PROD-003,4,74.86,0.0,299.44,178.29,121.15
769,ORD-10383,PROD-010,4,45.65,0.05,173.47,82.08,91.39
770,ORD-10384,PROD-001,4,888.36,0.0,3553.44,2355.61,1197.83
771,ORD-10385,PROD-012,2,65.68,0.0,131.36,84.13,47.23
772,ORD-10385,PROD-010,3,47.22,0.05,134.58,95.63,38.95
773,ORD-10385,PROD-003,1,81.82,0.05,77.73,44.9,32.83
774,ORD-10386,PROD-008,3,234.32,0.0,702.96,319.54,383.42
775,ORD-10387,PROD-005,1,119.3,0.15,101.41,54.46,46.95
776,ORD-10387,PROD-015,4,16.36,0.0,65.44,45.97,19.47
777,ORD-10387,PROD-009,2,171.33,0.1,308.39,154.12,154.27
778,ORD-10388,PROD-009,4,179.87,0.0,719.48,407.75,311.73
779,ORD-10388,PROD-012,1,68.78,0.0,68.78,31.72,37.06
780,ORD-10388,PROD-002,3,290.42,0.1,784.13,429.17,354.96
781,ORD-10389,PROD-008,3,243.58,0.0,730.74,391.3,339.44
782,ORD-10389,PROD-003,4,73.34,0.1,264.02,174.59,89.43
783,ORD-10390,PROD-009,2,163.84,0.0,327.68,204.55,123.13
784,ORD-10391,PROD-007,1,496.97,0.15,422.42,193.35,229.07
785,ORD-10391,PROD-016,2,24.51,0.0,49.02,32.81,16.21
786,ORD-10392,PROD-014,4,29.31,0.1,105.52,51.09,54.43
787,ORD-10393,PROD-005,4,101.59,0.1,365.72,207.58,158.14
788,ORD-10393,PROD-003,3,77.77,0.05,221.64,145.78,75.86
789,ORD-10394,PROD-016,2,23.71,0.0,47.42,33.77,13.65
790,ORD-10394,PROD-010,2,45.48,0.0,90.96,65.43,25.53
791,ORD-10395,PROD-006,3,102.75,0.0,308.25,164.47,143.78
792,ORD-10395,PROD-012,4,71.27,0.1,256.57,152.98,103.59
793,ORD-10395,PROD-005,2,110.39,0.15,187.66,127.39,60.27
794,ORD-10396,PROD-007,3,485.52,0.0,1456.56,887.71,568.85
795,ORD-10396,PROD-002,2,262.89,0.1,473.2,284.86,188.34
796,ORD-10396,PROD-010,1,42.85,0.0,42.85,30.13,12.72
797,ORD-10397,PROD-008,1,231.47,0.0,231.47,150.83,80.64
798,ORD-10398,PROD-014,4,33.14,0.05,125.93,68.35,57.58
799,ORD-10398,PROD-001,4,910.73,0.05,3460.77,1925.74,1535.03
800,ORD-10398,PROD-012,4,72.01,0.0,288.04,129.7,158.34
801,ORD-10399,PROD-011,1,86.32,0.15,73.37,51.07,22.3
802,ORD-10399,PROD-004,2,42.13,0.15,71.62,35.69,35.93
803,ORD-10399,PROD-016,4,23.66,0.0,94.64,57.21,37.43
804,ORD-10400,PROD-002,1,294.79,0.1,265.31,136.92,128.39
805,ORD-10400,PROD-005,2,113.68,0.0,227.36,153.63,73.73
806,ORD-10400,PROD-016,4,22.84,0.0,91.36,47.19,44.17
807,ORD-10401,PROD-015,1,18.31,0.0,18.31,12.03,6.28
808,ORD-10402,PROD-003,1,76.48,0.05,72.66,46.55,26.11
809,ORD-10403,PROD-012,2,69.2,0.1,124.56,88.11,36.45
810,ORD-10403,PROD-007,4,502.59,0.1,1809.32,978.23,831.09
811,ORD-10403,PROD-010,1,41.39,0.05,39.32,22.78,16.54
812,ORD-10404,PROD-016,3,21.91,0.0,65.73,39.8,25.93
813,ORD-10404,PROD-006,3,99.07,0.0,297.21,164.09,133.12
814,ORD-10405,PROD-013,3,54.24,0.0,162.72,84.28,78.44
815,ORD-10405,PROD-010,2,48.87,0.0,97.74,53.33,44.41
816,ORD-10406,PROD-005,2,102.9,0.0,205.8,105.11,100.69
817,ORD-10407,PROD-008,4,220.81,0.0,883.24,443.65,439.59
818,ORD-10407,PROD-016,2,24.39,0.0,48.78,26.23,22.55
819,ORD-10407,PROD-013,4,52.01,0.05,197.64,135.43,62.21
820,ORD-10408,PROD-008,3,234.88,0.0,704.64,434.05,270.59
821,ORD-10408,PROD-012,4,58.84,0.0,235.36,125.19,110.17
822,ORD-10408,PROD-002,2,284.35,0.0,568.7,336.48,232.22
823,ORD-10409,PROD-012,2,71.29,0.0,142.58,100.54,42.04
824,ORD-10409,PROD-008,4,231.35,0.05,879.13,507.24,371.89
825,ORD-10410,PROD-001,4,948.24,0.05,3603.31,2079.24,1524.07
826,ORD-10411,PROD-013,4,52.2,0.05,198.36,112.67,85.69
827,ORD-10411,PROD-004,3,41.4,0.0,124.2,65.46,58.74
828,ORD-10412,PROD-004,4,44.73,0.0,178.92,86.71,92.21
829,ORD-10413,PROD-006,2,87.51,0.05,166.27,102.95,63.32
830,ORD-10413,PROD-013,2,58.31,0.0,116.62,73.24,43.38
831,ORD-10413,PROD-011,3,81.87,0.15,208.77,136.9,71.87
832,ORD-10414,PROD-013,2,51.5,0.05,97.85,57.89,39.96
833,ORD-10414,PROD-006,1,98.75,0.0,98.75,67.16,31.59
834,ORD-10415,PROD-006,4,96.51,0.0,386.04,234.13,151.91
835,ORD-10415,PROD-015,4,19.49,0.0,77.96,45.93,32.03
836,ORD-10415,PROD-016,4,21.86,0.05,83.07,49.89,33.18
837,ORD-10416,PROD-002,3,268.05,0.05,763.94,368.03,395.91
838,ORD-10417,PROD-007,3,503.71,0.0,1511.13,809.57,701.56
839,ORD-10417,PROD-013,3,58.24,0.0,174.72,89.0,85.72
840,ORD-10418,PROD-003,4,80.1,0.0,320.4,174.56,145.84
841,ORD-10418,PROD-014,2,30.47,0.15,51.8,31.63,20.17
842,ORD-10418,PROD-004,3,36.78,0.0,110.34,60.75,49.59
843,ORD-10419,PROD-015,1,19.06,0.05,18.11,11.41,6.7
844,ORD-10419,PROD-001,4,866.54,0.15,2946.24,1428.09,1518.15
845,ORD-10420,PROD-007,2,559.14,0.0,1118.28,674.41,443.87
846,ORD-10420,PROD-002,2,292.09,0.0,584.18,397.68,186.5
847,ORD-10421,PROD-015,2,18.15,0.1,32.67,15.62,17.05
848,ORD-10422,PROD-009,1,179.12,0.1,161.21,81.09,80.12
849,ORD-10423,PROD-006,1,96.86,0.0,96.86,67.97,28.89
850,ORD-10423,PROD-015,3,17.93,0.05,51.1,28.58,22.52
851,ORD-10424,PROD-009,2,170.55,0.0,341.1,182.27,158.83
852,ORD-10424,PROD-007,4,544.42,0.0,2177.68,1445.73,731.95
853,ORD-10424,PROD-005,4,113.73,0.0,454.92,262.91,192.01
854,ORD-10425,PROD-001,2,989.39,0.0,1978.78,1409.22,569.56
855,ORD-10426,PROD-014,3,28.96,0.05,82.54,46.52,36.02
856,ORD-10426,PROD-008,1,226.14,0.1,203.53,102.47,101.06
857,ORD-10427,PROD-016,3,24.18,0.15,61.66,33.58,28.08
858,ORD-10427,PROD-014,2,32.09,0.0,64.18,30.28,33.9
859,ORD-10428,PROD-008,2,234.69,0.1,422.44,209.02,213.42
860,ORD-10428,PROD-006,2,104.58,0.0,209.16,134.88,74.28
861,ORD-10428,PROD-014,2,29.58,0.15,50.29,25.98,24.31
862,ORD-10429,PROD-003,2,78.88,0.1,141.98,68.9,73.08
863,ORD-10429,PROD-002,2,305.6,0.05,580.64,364.84,215.8
864,ORD-10430,PROD-014,1,30.9,0.0,30.9,14.34,16.56
865,ORD-10430,PROD-002,3,260.66,0.1,703.78,445.13,258.65
866,ORD-10430,PROD-001,2,929.61,0.0,1859.22,1175.87,683.35
867,ORD-10431,PROD-008,1,245.91,0.0,245.91,141.81,104.1
868,ORD-10431,PROD-012,2,68.61,0.0,137.22,68.82,68.4
869,ORD-10432,PROD-008,3,253.65,0.0,760.95,421.82,339.13
870,ORD-10432,PROD-007,3,487.26,0.1,1315.6,858.23,457.37
871,ORD-10432,PROD-001,4,991.82,0.1,3570.55,2559.42,1011.13
872,ORD-10433,PROD-003,3,68.05,0.0,204.15,94.58,109.57
873,ORD-10433,PROD-011,1,82.13,0.0,82.13,49.2,32.93
874,ORD-10434,PROD-006,3,92.39,0.0,277.17,170.98,106.19
875,ORD-10435,PROD-010,2,42.59,0.0,85.18,60.36,24.82
876,ORD-10435,PROD-011,2,91.95,0.05,174.7,125.28,49.42
877,ORD-10435,PROD-016,2,20.15,0.0,40.3,21.98,18.32
878,ORD-10436,PROD-016,4,22.56,0.1,81.22,56.9,24.32
879,ORD-10436,PROD-005,4,121.64,0.15,413.58,198.93,214.65
880,ORD-10436,PROD-007,1,491.43,0.0,491.43,305.3,186.13
881,ORD-10437,PROD-008,2,245.74,0.0,491.48,262.29,229.19
882,ORD-10438,PROD-003,3,81.73,0.1,220.67,100.63,120.04
883,ORD-10438,PROD-004,4,42.51,0.0,170.04,87.52,82.52
884,ORD-10438,PROD-012,4,62.93,0.15,213.96,106.66,107.3
885,ORD-10439,PROD-014,3,27.57,0.1,74.44,47.93,26.51
886,ORD-10440,PROD-002,2,275.57,0.0,551.14,283.37,267.77
887,ORD-10440,PROD-008,4,251.23,0.0,1004.92,625.89,379.03
888,ORD-10440,PROD-005,2,119.19,0.0,238.38,111.32,127.06
889,ORD-10441,PROD-003,1,79.96,0.1,71.96,50.17,21.79
890,ORD-10442,PROD-016,4,23.03,0.0,92.12,52.43,39.69
891,ORD-10442,PROD-010,1,44.73,0.0,44.73,26.09,18.64
892,ORD-10442,PROD-001,4,941.42,0.0,3765.68,2408.94,1356.74
893,ORD-10443,PROD-002,3,280.51,0.0,841.53,531.14,310.39
894,ORD-10443,PROD-015,2,17.11,0.1,30.8,15.28,15.52
895,ORD-10443,PROD-004,3,41.88,0.0,125.64,67.3,58.34
896,ORD-10444,PROD-003,3,82.28,0.0,246.84,129.28,117.56
897,ORD-10445,PROD-001,3,884.0,0.0,2652.0,1395.07,1256.93
898,ORD-10446,PROD-011,4,89.72,0.05,340.94,182.69,158.25
899,ORD-10446,PROD-001,4,901.8,0.1,3246.48,1683.59,1562.89
900,ORD-10446,PROD-008,3,240.19,0.0,720.57,453.51,267.06
901,ORD-10447,PROD-009,4,190.06,0.0,760.24,364.31,395.93
902,ORD-10448,PROD-006,2,85.78,0.05,162.98,74.18,88.8
903,ORD-10448,PROD-007,2,503.89,0.0,1007.78,484.69,523.09
904,ORD-10448,PROD-014,2,27.45,0.1,49.41,25.73,23.68
905,ORD-10449,PROD-015,4,18.22,0.05,69.24,46.13,23.11
906,ORD-10450,PROD-007,3,559.44,0.0,1678.32,805.34,872.98
907,ORD-10450,PROD-010,3,50.08,0.0,150.24,69.12,81.12
908,ORD-10450,PROD-014,2,29.83,0.1,53.69,29.55,24.14
909,ORD-10451,PROD-004,4,38.4,0.0,153.6,105.74,47.86
910,ORD-10451,PROD-016,4,20.9,0.0,83.6,47.22,36.38
911,ORD-10451,PROD-011,1,83.62,0.0,83.62,53.99,29.63
912,ORD-10452,PROD-010,4,41.75,0.05,158.65,82.92,75.73
913,ORD-10453,PROD-011,2,93.14,0.1,167.65,88.88,78.77
914,ORD-10454,PROD-005,3,117.45,0.0,352.35,201.01,151.34
915,ORD-10454,PROD-015,2,19.49,0.0,38.98,18.6,20.38
916,ORD-10455,PROD-011,3,84.47,0.0,253.41,175.66,77.75
917,ORD-10455,PROD-003,4,72.39,0.0,289.56,147.81,141.75
918,ORD-10455,PROD-010,3,46.77,0.05,133.29,85.37,47.92
919,ORD-10456,PROD-015,2,18.42,0.0,36.84,22.12,14.72
920,ORD-10456,PROD-014,4,31.14,0.0,124.56,78.66,45.9
921,ORD-10456,PROD-012,1,68.27,0.0,68.27,42.61,25.66
922,ORD-10457,PROD-012,1,67.13,0.0,67.13,40.32,26.81
923,ORD-10457,PROD-007,3,530.03,0.1,1431.08,905.03,526.05
924,ORD-10458,PROD-006,3,93.83,0.0,281.49,202.62,78.87
925,ORD-10458,PROD-015,1,20.15,0.0,20.15,11.86,8.29
926,ORD-10458,PROD-012,3,66.27,0.1,178.93,123.19,55.74
927,ORD-10459,PROD-001,3,933.51,0.0,2800.53,1796.59,1003.94
928,ORD-10460,PROD-015,2,19.77,0.0,39.54,21.99,17.55
929,ORD-10461,PROD-006,3,95.16,0.0,285.48,175.7,109.78
930,ORD-10461,PROD-005,1,121.87,0.0,121.87,86.21,35.66
931,ORD-10462,PROD-011,1,92.76,0.0,92.76,61.99,30.77
932,ORD-10462,PROD-003,1,73.17,0.05,69.51,34.81,34.7
933,ORD-10462,PROD-006,3,101.27,0.0,303.81,173.11,130.7
934,ORD-10463,PROD-001,3,929.29,0.05,2648.48,1556.56,1091.92
935,ORD-10463,PROD-016,3,21.8,0.0,65.4,43.28,22.12
936,ORD-10463,PROD-005,4,111.79,0.15,380.09,203.97,176.12
937,ORD-10464,PROD-009,1,199.62,0.1,179.66,99.16,80.5
938,ORD-10464,PROD-012,3,67.59,0.15,172.35,83.54,88.81
939,ORD-10464,PROD-003,2,73.86,0.1,132.95,68.41,64.54
940,ORD-10465,PROD-005,3,112.87,0.0,338.61,177.7,160.91
941,ORD-10466,PROD-003,4,75.45,0.0,301.8,216.17,85.63
942,ORD-10467,PROD-005,2,111.12,0.15,188.9,123.87,65.03
943,ORD-10467,PROD-012,1,67.2,0.15,57.12,41.11,16.01
944,ORD-10468,PROD-001,4,1053.78,0.0,4215.12,1929.22,2285.9
945,ORD-10469,PROD-004,2,43.81,0.0,87.62,57.14,30.48
946,ORD-10470,PROD-003,4,82.81,0.0,331.24,179.01,152.23
947,ORD-10471,PROD-015,3,17.21,0.0,51.63,23.46,28.17
948,ORD-10471,PROD-010,4,47.33,0.0,189.32,95.73,93.59
949,ORD-10471,PROD-012,1,67.82,0.0,67.82,40.02,27.8
950,ORD-10472,PROD-008,2,229.96,0.0,459.92,268.64,191.28
951,ORD-10473,PROD-008,4,239.13,0.0,956.52,684.8,271.72
952,ORD-10473,PROD-006,1,86.3,0.0,86.3,59.63,26.67
953,ORD-10473,PROD-011,3,81.06,0.0,243.18,144.45,98.73
954,ORD-10474,PROD-014,2,32.39,0.1,58.3,36.3,22.0
955,ORD-10475,PROD-010,3,43.53,0.0,130.59,78.0,52.59
956,ORD-10476,PROD-016,1,23.76,0.0,23.76,17.06,6.7
957,ORD-10476,PROD-003,3,77.19,0.0,231.57,151.67,79.9
958,ORD-10477,PROD-009,3,168.35,0.05,479.8,306.89,172.91
959,ORD-10477,PROD-014,2,33.37,0.15,56.73,28.5,28.23
960,ORD-10477,PROD-003,4,76.71,0.1,276.16,140.82,135.34
961,ORD-10478,PROD-001,3,905.86,0.1,2445.82,1232.04,1213.78
962,ORD-10479,PROD-003,4,77.66,0.0,310.64,175.55,135.09
963,ORD-10479,PROD-008,1,267.85,0.0,267.85,185.84,82.01
964,ORD-10480,PROD-001,1,1045.32,0.0,1045.32,698.75,346.57
965,ORD-10480,PROD-005,1,113.15,0.15,96.18,58.91,37.27
966,ORD-10480,PROD-007,4,470.38,0.05,1787.44,1108.23,679.21
967,ORD-10481,PROD-003,4,67.6,0.0,270.4,130.36,140.04
968,ORD-10481,PROD-004,1,36.98,0.0,36.98,19.62,17.36
969,ORD-10481,PROD-015,2,18.75,0.05,35.62,19.4,16.22
970,ORD-10482,PROD-012,1,68.24,0.0,68.24,43.64,24.6
971,ORD-10482,PROD-011,3,95.12,0.05,271.09,138.64,132.45
972,ORD-10482,PROD-006,4,85.73,0.1,308.63,189.16,119.47
973,ORD-10483,PROD-004,2,38.61,0.1,69.5,31.35,38.15
974,ORD-10484,PROD-006,2,94.2,0.0,188.4,109.42,78.98
975,ORD-10484,PROD-013,2,52.86,0.0,105.72,55.03,50.69
976,ORD-10484,PROD-010,2,49.65,0.1,89.37,48.28,41.09
977,ORD-10485,PROD-007,3,572.54,0.15,1459.98,990.94,469.04
978,ORD-10486,PROD-015,1,18.67,0.0,18.67,12.74,5.93
979,ORD-10486,PROD-006,2,86.09,0.05,163.57,109.27,54.3
980,ORD-10486,PROD-003,4,69.84,0.0,279.36,165.85,113.51
981,ORD-10487,PROD-002,4,295.59,0.0,1182.36,542.0,640.36
982,ORD-10487,PROD-014,2,32.77,0.0,65.54,46.1,19.44
983,ORD-10488,PROD-014,3,27.76,0.1,74.95,50.34,24.61
984,ORD-10489,PROD-004,3,41.88,0.0,125.64,69.32,56.32
985,ORD-10489,PROD-013,2,53.24,0.0,106.48,57.65,48.83
986,ORD-10490,PROD-016,2,23.32,0.0,46.64,25.98,20.66
987,ORD-10491,PROD-014,2,27.11,0.05,51.51,26.13,25.38
988,ORD-10491,PROD-012,3,66.78,0.05,190.32,133.46,56.86
989,ORD-10491,PROD-013,2,57.66,0.0,115.32,69.38,45.94
990,ORD-10492,PROD-008,4,217.27,0.1,782.17,474.66,307.51
991,ORD-10492,PROD-010,3,45.98,0.0,137.94,69.58,68.36
992,ORD-10492,PROD-014,3,28.91,0.05,82.39,49.67,32.72
993,ORD-10493,PROD-015,1,17.55,0.1,15.8,7.32,8.48
994,ORD-10493,PROD-004,4,39.58,0.0,158.32,113.11,45.21
995,ORD-10494,PROD-009,2,201.43,0.0,402.86,232.74,170.12
996,ORD-10494,PROD-007,3,516.57,0.1,1394.74,958.13,436.61
997,ORD-10495,PROD-009,4,180.36,0.05,685.37,358.85,326.52
998,ORD-10495,PROD-011,2,80.84,0.1,145.51,98.31,47.2
999,ORD-10495,PROD-015,3,19.22,0.05,54.78,26.17,28.61
1000,ORD-10496,PROD-004,1,42.85,0.05,40.71,25.91,14.8
1001,ORD-10496,PROD-006,4,95.69,0.0,382.76,241.83,140.93
1002,ORD-10496,PROD-011,3,80.52,0.0,241.56,142.58,98.98
1003,ORD-10497,PROD-008,4,216.07,0.0,864.28,453.5,410.78
1004,ORD-10497,PROD-011,2,83.33,0.1,149.99,69.08,80.91
1005,ORD-10497,PROD-013,4,59.63,0.0,238.52,134.68,103.84
1006,ORD-10498,PROD-009,1,189.83,0.05,180.34,106.0,74.34
1007,ORD-10498,PROD-011,3,93.44,0.0,280.32,145.56,134.76
1008,ORD-10499,PROD-003,1,67.71,0.1,60.94,36.99,23.95
1009,ORD-10499,PROD-002,4,299.82,0.05,1139.32,594.14,545.18
1010,ORD-10500,PROD-014,2,29.22,0.0,58.44,33.64,24.8
1011,ORD-10500,PROD-005,4,100.99,0.05,383.76,200.8,182.96
1012,ORD-10501,PROD-007,4,565.88,0.1,2037.17,966.55,1070.62
1013,ORD-10502,PROD-004,1,41.24,0.0,41.24,24.81,16.43
1014,ORD-10502,PROD-010,3,43.46,0.15,110.82,68.8,42.02
1015,ORD-10502,PROD-002,3,299.02,0.0,897.06,591.83,305.23
1016,ORD-10503,PROD-007,2,512.7,0.05,974.13,596.55,377.58
1017,ORD-10504,PROD-001,1,925.85,0.0,925.85,638.59,287.26
1018,ORD-10504,PROD-012,2,64.37,0.15,109.43,63.12,46.31
1019,ORD-10504,PROD-013,3,61.38,0.05,174.93,102.15,72.78
1020,ORD-10505,PROD-015,4,19.45,0.1,70.02,47.71,22.31
1021,ORD-10505,PROD-009,2,189.09,0.0,378.18,213.03,165.15
1022,ORD-10505,PROD-013,1,55.07,0.1,49.56,34.26,15.3
1023,ORD-10506,PROD-014,4,27.85,0.0,111.4,55.49,55.91
1024,ORD-10506,PROD-010,3,41.55,0.0,124.65,72.94,51.71
1025,ORD-10506,PROD-009,3,169.92,0.15,433.3,235.93,197.37
1026,ORD-10507,PROD-009,3,172.01,0.0,516.03,307.05,208.98
1027,ORD-10507,PROD-006,4,93.73,0.0,374.92,248.71,126.21
1028,ORD-10507,PROD-007,4,521.06,0.1,1875.82,1014.97,860.85
1029,ORD-10508,PROD-013,1,56.37,0.0,56.37,39.6,16.77
1030,ORD-10508,PROD-006,2,86.84,0.05,165.0,97.74,67.26
1031,ORD-10508,PROD-004,4,36.13,0.05,137.29,65.17,72.12
1032,ORD-10509,PROD-016,2,24.02,0.1,43.24,23.66,19.58
1033,ORD-10509,PROD-013,3,58.42,0.0,175.26,91.2,84.06
1034,ORD-10509,PROD-007,4,553.08,0.0,2212.32,1241.18,971.14
1035,ORD-10510,PROD-016,4,20.84,0.15,70.86,34.62,36.24
1036,ORD-10510,PROD-001,3,855.27,0.1,2309.23,1484.95,824.28
1037,ORD-10511,PROD-011,2,88.58,0.15,150.59,69.76,80.83
1038,ORD-10511,PROD-007,4,516.55,0.0,2066.2,1107.36,958.84
1039,ORD-10512,PROD-011,1,76.61,0.0,76.61,55.12,21.49
1040,ORD-10512,PROD-007,3,516.02,0.0,1548.06,1027.28,520.78
1041,ORD-10512,PROD-003,2,67.75,0.1,121.95,64.77,57.18
1042,ORD-10513,PROD-004,3,40.85,0.05,116.42,74.57,41.85
1043,ORD-10513,PROD-009,3,170.0,0.1,459.0,290.54,168.46
1044,ORD-10514,PROD-015,2,17.76,0.0,35.52,18.15,17.37
1045,ORD-10514,PROD-013,1,53.41,0.0,53.41,34.12,19.29
1046,ORD-10515,PROD-001,3,918.97,0.05,2619.06,1677.4,941.66
1047,ORD-10515,PROD-012,4,72.55,0.05,275.69,195.26,80.43
1048,ORD-10516,PROD-006,3,98.74,0.1,266.6,144.57,122.03
1049,ORD-10517,PROD-016,4,21.75,0.0,87.0,43.69,43.31
1050,ORD-10517,PROD-009,4,190.56,0.0,762.24,361.38,400.86
1051,ORD-10518,PROD-004,3,40.28,0.0,120.84,63.82,57.02
1052,ORD-10518,PROD-002,1,313.09,0.0,313.09,194.57,118.52
1053,ORD-10518,PROD-003,1,78.02,0.1,70.22,42.71,27.51
1054,ORD-10519,PROD-009,2,188.12,0.0,376.24,219.56,156.68
1055,ORD-10519,PROD-014,4,27.8,0.05,105.64,57.38,48.26
1056,ORD-10520,PROD-009,4,187.13,0.05,711.09,422.47,288.62
1057,ORD-10521,PROD-005,3,110.39,0.0,331.17,222.41,108.76
1058,ORD-10522,PROD-005,4,100.98,0.0,403.92,198.74,205.18
1059,ORD-10522,PROD-010,1,47.64,0.05,45.26,27.27,17.99
1060,ORD-10522,PROD-007,4,491.08,0.0,1964.32,1011.4,952.92
1061,ORD-10523,PROD-015,1,17.05,0.05,16.2,10.84,5.36
1062,ORD-10524,PROD-011,4,78.09,0.0,312.36,212.7,99.66
1063,ORD-10524,PROD-012,2,64.14,0.0,128.28,67.6,60.68
1064,ORD-10524,PROD-003,1,83.04,0.1,74.74,50.68,24.06
1065,ORD-10525,PROD-006,3,101.35,0.0,304.05,145.28,158.77
1066,ORD-10526,PROD-013,3,58.55,0.0,175.65,89.02,86.63
1067,ORD-10527,PROD-010,4,46.59,0.0,186.36,125.92,60.44
1068,ORD-10527,PROD-007,2,500.51,0.05,950.97,455.85,495.12
1069,ORD-10527,PROD-005,2,117.26,0.05,222.79,108.73,114.06
1070,ORD-10528,PROD-004,3,36.5,0.0,109.5,51.74,57.76
1071,ORD-10528,PROD-014,4,30.7,0.0,122.8,85.22,37.58
1072,ORD-10529,PROD-006,4,99.82,0.15,339.39,238.02,101.37
1073,ORD-10530,PROD-004,2,38.19,0.0,76.38,49.84,26.54
1074,ORD-10530,PROD-012,2,58.78,0.0,117.56,78.67,38.89
1075,ORD-10530,PROD-009,1,168.86,0.0,168.86,105.93,62.93
1076,ORD-10531,PROD-011,4,90.74,0.0,362.96,224.84,138.12
1077,ORD-10532,PROD-013,2,60.69,0.1,109.24,63.36,45.88
1078,ORD-10533,PROD-011,3,89.42,0.0,268.26,191.48,76.78
1079,ORD-10533,PROD-016,2,23.63,0.15,40.17,22.56,17.61
1080,ORD-10534,PROD-009,2,194.36,0.1,349.85,179.83,170.02
1081,ORD-10534,PROD-010,2,41.58,0.0,83.16,54.27,28.89
1082,ORD-10534,PROD-008,1,247.28,0.0,247.28,114.98,132.3
1083,ORD-10535,PROD-002,4,271.6,0.0,1086.4,721.54,364.86
1084,ORD-10536,PROD-005,4,111.66,0.0,446.64,308.54,138.1
1085,ORD-10536,PROD-001,4,886.27,0.0,3545.08,1861.85,1683.23
1086,ORD-10536,PROD-008,1,224.12,0.0,224.12,133.39,90.73
1087,ORD-10537,PROD-004,2,44.2,0.15,75.14,49.66,25.48
1088,ORD-10537,PROD-002,3,284.12,0.1,767.12,415.65,351.47
1089,ORD-10538,PROD-014,1,32.99,0.05,31.34,16.66,14.68
1090,ORD-10538,PROD-008,4,255.87,0.1,921.13,552.04,369.09
1091,ORD-10538,PROD-016,4,24.46,0.0,97.84,51.12,46.72
1092,ORD-10539,PROD-010,2,49.13,0.0,98.26,53.06,45.2
1093,ORD-10540,PROD-006,1,97.5,0.0,97.5,54.46,43.04
1094,ORD-10541,PROD-013,2,54.69,0.0,109.38,62.23,47.15
1095,ORD-10542,PROD-016,4,23.21,0.1,83.56,52.98,30.58
1096,ORD-10542,PROD-012,4,62.29,0.0,249.16,147.64,101.52
1097,ORD-10542,PROD-013,4,56.46,0.0,225.84,138.42,87.42
1098,ORD-10543,PROD-016,4,23.79,0.0,95.16,44.38,50.78
1099,ORD-10543,PROD-010,3,46.33,0.05,132.04,94.04,38.0
1100,ORD-10544,PROD-007,3,489.02,0.0,1467.06,697.12,769.94
1101,ORD-10544,PROD-002,4,304.4,0.0,1217.6,664.8,552.8
1102,ORD-10544,PROD-013,2,49.57,0.0,99.14,45.27,53.87
1103,ORD-10545,PROD-005,1,122.58,0.0,122.58,86.53,36.05
1104,ORD-10545,PROD-008,2,226.24,0.0,452.48,310.74,141.74
1105,ORD-10546,PROD-014,3,33.34,0.0,100.02,51.67,48.35
1106,ORD-10546,PROD-002,1,287.86,0.1,259.07,183.26,75.81
1107,ORD-10546,PROD-013,2,57.14,0.0,114.28,64.77,49.51
1108,ORD-10547,PROD-014,3,30.55,0.0,91.65,56.94,34.71
1109,ORD-10547,PROD-009,1,183.67,0.0,183.67,131.04,52.63
1110,ORD-10548,PROD-004,3,38.9,0.0,116.7,64.21,52.49
1111,ORD-10548,PROD-007,4,499.41,0.0,1997.64,1341.68,655.96
1112,ORD-10549,PROD-012,1,66.07,0.1,59.46,41.92,17.54
1113,ORD-10550,PROD-005,2,104.5,0.0,209.0,113.4,95.6
1114,ORD-10550,PROD-001,1,1013.44,0.05,962.77,504.57,458.2
1115,ORD-10551,PROD-015,4,17.0,0.1,61.2,39.31,21.89
1116,ORD-10551,PROD-006,2,102.96,0.0,205.92,137.26,68.66
1117,ORD-10552,PROD-006,2,105.54,0.0,211.08,132.31,78.77
1118,ORD-10553,PROD-013,2,49.83,0.0,99.66,63.96,35.7
1119,ORD-10553,PROD-016,4,24.34,0.0,97.36,67.09,30.27
1120,ORD-10554,PROD-011,4,82.12,0.0,328.48,155.17,173.31
1121,ORD-10555,PROD-007,1,529.43,0.1,476.49,221.95,254.54
1122,ORD-10555,PROD-005,2,115.77,0.0,231.54,131.34,100.2
1123,ORD-10556,PROD-001,2,864.6,0.0,1729.2,865.52,863.68
1124,ORD-10556,PROD-012,1,63.31,0.0,63.31,35.7,27.61
1125,ORD-10556,PROD-002,4,310.82,0.15,1056.79,714.54,342.25
1126,ORD-10557,PROD-008,3,246.72,0.0,740.16,394.31,345.85
1127,ORD-10558,PROD-009,2,180.32,0.0,360.64,227.05,133.59
1128,ORD-10558,PROD-016,2,23.49,0.05,44.63,22.96,21.67
1129,ORD-10558,PROD-008,2,257.39,0.1,463.3,263.37,199.93
1130,ORD-10559,PROD-013,3,57.67,0.15,147.06,75.58,71.48
1131,ORD-10559,PROD-016,1,21.66,0.05,20.58,14.47,6.11
1132,ORD-10559,PROD-009,1,165.97,0.0,165.97,106.15,59.82
1133,ORD-10560,PROD-012,3,59.86,0.0,179.58,82.58,97.0
1134,ORD-10561,PROD-011,2,94.43,0.1,169.97,84.19,85.78
1135,ORD-10562,PROD-012,1,63.87,0.0,63.87,42.37,21.5
1136,ORD-10563,PROD-010,1,49.52,0.0,49.52,33.49,16.03
1137,ORD-10564,PROD-013,1,60.78,0.0,60.78,32.37,28.41
1138,ORD-10564,PROD-003,4,79.83,0.0,319.32,163.33,155.99
1139,ORD-10565,PROD-006,4,92.38,0.05,351.04,181.24,169.8
1140,ORD-10565,PROD-004,3,38.87,0.15,99.12,49.49,49.63
1141,ORD-10566,PROD-004,4,38.71,0.05,147.1,88.65,58.45
1142,ORD-10566,PROD-007,3,531.49,0.0,1594.47,802.62,791.85
1143,ORD-10566,PROD-012,4,65.67,0.1,236.41,123.03,113.38
1144,ORD-10567,PROD-012,4,70.99,0.0,283.96,196.47,87.49
1145,ORD-10567,PROD-011,4,79.57,0.1,286.45,191.73,94.72
1146,ORD-10567,PROD-014,1,30.88,0.0,30.88,20.45,10.43
1147,ORD-10568,PROD-004,4,42.45,0.0,169.8,96.86,72.94
1148,ORD-10569,PROD-003,3,76.59,0.1,206.79,113.76,93.03
1149,ORD-10569,PROD-009,1,162.29,0.15,137.95,86.62,51.33
1150,ORD-10569,PROD-014,4,31.53,0.0,126.12,76.01,50.11
1151,ORD-10570,PROD-008,2,219.77,0.05,417.56,245.52,172.04
1152,ORD-10570,PROD-011,1,92.94,0.1,83.65,58.73,24.92
1153,ORD-10571,PROD-010,1,49.44,0.0,49.44,27.87,21.57
1154,ORD-10572,PROD-004,4,42.68,0.05,162.18,108.79,53.39
1155,ORD-10572,PROD-014,3,32.49,0.0,97.47,64.51,32.96
1156,ORD-10573,PROD-009,2,174.75,0.0,349.5,176.94,172.56
1157,ORD-10573,PROD-010,4,48.85,0.0,195.4,111.27,84.13
1158,ORD-10573,PROD-012,2,65.16,0.15,110.77,61.47,49.3
1159,ORD-10574,PROD-015,3,19.29,0.15,49.19,29.19,20.0
1160,ORD-10574,PROD-014,2,28.59,0.0,57.18,40.31,16.87
1161,ORD-10575,PROD-013,4,58.0,0.0,232.0,136.07,95.93
1162,ORD-10575,PROD-003,3,68.42,0.0,205.26,143.91,61.35
1163,ORD-10576,PROD-015,1,18.38,0.0,18.38,12.88,5.5
1164,ORD-10576,PROD-010,2,50.14,0.0,100.28,70.74,29.54
1165,ORD-10577,PROD-005,4,102.17,0.15,347.38,248.63,98.75
1166,ORD-10577,PROD-016,2,21.02,0.0,42.04,28.0,14.04
1167,ORD-10578,PROD-004,3,44.28,0.1,119.56,65.04,54.52
1168,ORD-10578,PROD-005,1,112.03,0.1,100.83,51.27,49.56
1169,ORD-10579,PROD-009,3,199.77,0.0,599.31,310.64,288.67
1170,ORD-10580,PROD-001,4,938.69,0.05,3567.02,2458.23,1108.79
1171,ORD-10580,PROD-002,2,264.58,0.1,476.24,252.29,223.95
1172,ORD-10581,PROD-005,1,110.06,0.0,110.06,66.02,44.04
1173,ORD-10582,PROD-002,1,275.29,0.05,261.53,133.82,127.71
1174,ORD-10583,PROD-014,1,27.93,0.1,25.14,15.31,9.83
1175,ORD-10584,PROD-015,4,19.56,0.1,70.42,40.24,30.18
1176,ORD-10584,PROD-002,2,265.67,0.05,504.77,241.38,263.39
1177,ORD-10585,PROD-007,4,535.57,0.15,1820.94,997.15,823.79
1178,ORD-10585,PROD-010,1,44.28,0.0,44.28,30.12,14.16
1179,ORD-10586,PROD-003,3,67.93,0.0,203.79,107.47,96.32
1180,ORD-10586,PROD-008,4,248.5,0.0,994.0,614.32,379.68
1181,ORD-10586,PROD-014,2,29.99,0.0,59.98,42.23,17.75
1182,ORD-10587,PROD-016,3,20.62,0.05,58.77,27.81,30.96
1183,ORD-10587,PROD-006,2,102.41,0.0,204.82,113.69,91.13
1184,ORD-10588,PROD-014,3,28.0,0.1,75.6,36.51,39.09
1185,ORD-10588,PROD-016,1,20.9,0.0,20.9,10.61,10.29
1186,ORD-10588,PROD-010,4,43.61,0.0,174.44,100.38,74.06
1187,ORD-10589,PROD-012,2,60.44,0.0,120.88,58.82,62.06
1188,ORD-10590,PROD-003,4,71.01,0.0,284.04,149.05,134.99
1189,ORD-10590,PROD-006,3,101.46,0.0,304.38,148.96,155.42
1190,ORD-10590,PROD-009,2,174.99,0.1,314.98,157.38,157.6
1191,ORD-10591,PROD-003,4,70.65,0.05,268.47,179.83,88.64
1192,ORD-10591,PROD-008,2,229.56,0.0,459.12,239.23,219.89
1193,ORD-10591,PROD-016,1,21.76,0.05,20.67,13.71,6.96
1194,ORD-10592,PROD-009,3,191.37,0.05,545.4,282.36,263.04
1195,ORD-10592,PROD-004,4,44.26,0.15,150.48,72.81,77.67
1196,ORD-10593,PROD-007,3,536.27,0.0,1608.81,1110.46,498.35
1197,ORD-10593,PROD-011,1,81.58,0.0,81.58,39.43,42.15
1198,ORD-10593,PROD-008,4,263.97,0.0,1055.88,596.07,459.81
1199,ORD-10594,PROD-009,4,170.39,0.0,681.56,405.61,275.95
1200,ORD-10595,PROD-015,4,16.61,0.1,59.8,30.48,29.32
1201,ORD-10595,PROD-008,3,222.77,0.0,668.31,351.09,317.22
1202,ORD-10595,PROD-002,4,253.57,0.05,963.57,649.81,313.76
1203,ORD-10596,PROD-006,3,96.15,0.0,288.45,193.22,95.23
1204,ORD-10597,PROD-001,4,951.15,0.1,3424.14,1826.78,1597.36
1205,ORD-10598,PROD-010,3,41.52,0.0,124.56,86.96,37.6
1206,ORD-10599,PROD-007,2,482.06,0.0,964.12,645.65,318.47
1207,ORD-10600,PROD-005,2,103.79,0.0,207.58,99.49,108.09
1208,ORD-10601,PROD-014,4,33.37,0.05,126.81,59.18,67.63
1209,ORD-10602,PROD-008,1,231.1,0.1,207.99,137.45,70.54
1210,ORD-10602,PROD-012,1,62.49,0.0,62.49,31.68,30.81
1211,ORD-10602,PROD-005,1,116.98,0.0,116.98,82.93,34.05
1212,ORD-10603,PROD-002,1,274.36,0.0,274.36,150.2,124.16
1213,ORD-10603,PROD-015,4,19.9,0.0,79.6,52.35,27.25
1214,ORD-10604,PROD-008,3,226.31,0.05,644.98,348.09,296.89
1215,ORD-10605,PROD-009,1,185.49,0.0,185.49,101.56,83.93
1216,ORD-10605,PROD-006,3,92.91,0.0,278.73,167.06,111.67
1217,ORD-10605,PROD-004,1,39.51,0.1,35.56,16.7,18.86
1218,ORD-10606,PROD-009,1,198.89,0.05,188.95,120.43,68.52
1219,ORD-10606,PROD-014,1,28.75,0.0,28.75,20.27,8.48
1220,ORD-10606,PROD-016,3,24.41,0.0,73.23,46.61,26.62
1221,ORD-10607,PROD-015,3,18.14,0.0,54.42,27.29,27.13
1222,ORD-10607,PROD-002,1,287.38,0.1,258.64,136.56,122.08
1223,ORD-10608,PROD-004,4,41.58,0.05,158.0,100.1,57.9
1224,ORD-10608,PROD-016,1,21.66,0.05,20.58,12.53,8.05
1225,ORD-10608,PROD-008,3,217.07,0.05,618.65,356.11,262.54
1226,ORD-10609,PROD-015,3,19.36,0.0,58.08,34.69,23.39
1227,ORD-10610,PROD-013,1,59.19,0.15,50.31,25.56,24.75
1228,ORD-10610,PROD-014,2,28.65,0.05,54.43,32.94,21.49
1229,ORD-10610,PROD-006,1,85.92,0.0,85.92,60.86,25.06
1230,ORD-10611,PROD-010,4,43.5,0.1,156.6,83.02,73.58
1231,ORD-10612,PROD-009,2,164.83,0.0,329.66,163.96,165.7
1232,ORD-10613,PROD-009,4,191.94,0.0,767.76,404.71,363.05
1233,ORD-10614,PROD-001,1,953.07,0.0,953.07,592.63,360.44
1234,ORD-10615,PROD-015,3,19.5,0.05,55.57,35.0,20.57
1235,ORD-10615,PROD-006,1,87.74,0.0,87.74,56.36,31.38
1236,ORD-10615,PROD-016,1,24.14,0.0,24.14,17.02,7.12
1237,ORD-10616,PROD-012,1,65.95,0.1,59.36,27.35,32.01
1238,ORD-10617,PROD-012,3,60.34,0.0,181.02,103.99,77.03
1239,ORD-10617,PROD-002,2,258.08,0.0,516.16,253.68,262.48
1240,ORD-10617,PROD-005,2,104.65,0.0,209.3,106.74,102.56
1241,ORD-10618,PROD-015,3,19.99,0.0,59.97,41.26,18.71
1242,ORD-10618,PROD-011,3,83.77,0.0,251.31,118.55,132.76
1243,ORD-10618,PROD-009,3,186.89,0.1,504.6,302.13,202.47
1244,ORD-10619,PROD-010,2,43.68,0.05,82.99,50.66,32.33
1245,ORD-10620,PROD-001,1,1013.56,0.0,1013.56,467.12,546.44
1246,ORD-10621,PROD-001,2,886.7,0.0,1773.4,1004.7,768.7
1247,ORD-10621,PROD-006,3,104.34,0.0,313.02,201.61,111.41
1248,ORD-10621,PROD-002,3,264.9,0.15,675.49,315.06,360.43
1249,ORD-10622,PROD-014,2,30.76,0.1,55.37,34.43,20.94
1250,ORD-10622,PROD-002,1,260.59,0.05,247.56,160.72,86.84
1251,ORD-10622,PROD-008,3,219.68,0.1,593.14,391.48,201.66
1252,ORD-10623,PROD-004,2,36.38,0.0,72.76,35.14,37.62
1253,ORD-10623,PROD-012,2,61.09,0.0,122.18,76.54,45.64
1254,ORD-10623,PROD-014,4,32.31,0.05,122.78,84.6,38.18
1255,ORD-10624,PROD-006,4,85.96,0.05,326.65,198.35,128.3
1256,ORD-10624,PROD-011,3,92.65,0.0,277.95,188.55,89.4
1257,ORD-10624,PROD-001,4,917.04,0.0,3668.16,1787.43,1880.73
1258,ORD-10625,PROD-008,4,267.88,0.1,964.37,618.79,345.58
1259,ORD-10626,PROD-012,4,64.85,0.0,259.4,119.55,139.85
1260,ORD-10626,PROD-011,1,91.28,0.05,86.72,59.08,27.64
1261,ORD-10627,PROD-010,3,47.16,0.0,141.48,65.03,76.45
1262,ORD-10627,PROD-006,1,99.31,0.05,94.34,47.72,46.62
1263,ORD-10628,PROD-002,3,259.2,0.05,738.72,528.59,210.13
1264,ORD-10628,PROD-005,3,100.26,0.0,300.78,170.26,130.52
1265,ORD-10629,PROD-013,1,56.92,0.05,54.07,35.05,19.02
1266,ORD-10630,PROD-008,4,225.74,0.0,902.96,488.85,414.11
1267,ORD-10630,PROD-002,3,253.3,0.1,683.91,477.54,206.37
1268,ORD-10631,PROD-008,3,263.21,0.0,789.63,471.37,318.26
1269,ORD-10631,PROD-006,2,88.51,0.0,177.02,110.18,66.84
1270,ORD-10632,PROD-001,2,867.86,0.1,1562.15,1121.8,440.35
1271,ORD-10632,PROD-008,4,233.98,0.0,935.92,650.1,285.82
1272,ORD-10632,PROD-016,3,19.97,0.1,53.92,34.03,19.89
1273,ORD-10633,PROD-014,4,27.09,0.0,108.36,50.91,57.45
1274,ORD-10633,PROD-009,3,198.11,0.05,564.61,270.13,294.48
1275,ORD-10634,PROD-011,2,88.44,0.1,159.19,103.94,55.25
1276,ORD-10635,PROD-002,1,298.64,0.0,298.64,153.03,145.61
1277,ORD-10635,PROD-011,2,92.56,0.0,185.12,91.0,94.12
1278,ORD-10636,PROD-002,4,302.9,0.0,1211.6,716.54,495.06
1279,ORD-10637,PROD-004,2,40.16,0.1,72.29,39.08,33.21
1280,ORD-10637,PROD-007,3,528.05,0.05,1504.94,907.48,597.46
1281,ORD-10637,PROD-013,4,56.34,0.1,202.82,144.3,58.52
1282,ORD-10638,PROD-013,1,53.7,0.0,53.7,29.21,24.49
1283,ORD-10639,PROD-014,2,30.18,0.0,60.36,34.7,25.66
1284,ORD-10639,PROD-002,2,313.01,0.1,563.42,260.48,302.94
1285,ORD-10639,PROD-003,2,70.48,0.05,133.91,63.5,70.41
1286,ORD-10640,PROD-006,2,87.64,0.0,175.28,119.6,55.68
1287,ORD-10640,PROD-016,1,21.12,0.1,19.01,12.93,6.08
1288,ORD-10640,PROD-009,4,169.19,0.15,575.25,348.77,226.48
1289,ORD-10641,PROD-016,1,24.1,0.0,24.1,14.2,9.9
1290,ORD-10641,PROD-010,2,48.75,0.0,97.5,61.07,36.43
1291,ORD-10642,PROD-011,4,76.83,0.0,307.32,169.44,137.88
1292,ORD-10643,PROD-002,2,293.77,0.05,558.16,283.9,274.26
1293,ORD-10643,PROD-003,4,74.81,0.0,299.24,214.37,84.87
1294,ORD-10644,PROD-013,3,51.57,0.0,154.71,77.37,77.34
1295,ORD-10645,PROD-009,2,199.93,0.0,399.86,222.27,177.59
1296,ORD-10645,PROD-015,4,18.8,0.0,75.2,39.98,35.22
1297,ORD-10646,PROD-003,4,75.28,0.0,301.12,140.06,161.06
1298,ORD-10647,PROD-004,3,44.65,0.0,133.95,73.74,60.21
1299,ORD-10647,PROD-009,1,198.25,0.1,178.43,108.23,70.2
1300,ORD-10648,PROD-016,2,20.3,0.0,40.6,21.97,18.63
1301,ORD-10648,PROD-008,4,258.55,0.0,1034.2,497.05,537.15
1302,ORD-10649,PROD-015,2,19.47,0.1,35.05,20.48,14.57
1303,ORD-10649,PROD-011,1,87.17,0.1,78.45,35.67,42.78
1304,ORD-10649,PROD-002,4,276.54,0.15,940.24,551.96,388.28
1305,ORD-10650,PROD-003,2,67.78,0.0,135.56,92.44,43.12
1306,ORD-10650,PROD-006,2,105.75,0.05,200.92,111.28,89.64
1307,ORD-10651,PROD-007,3,529.87,0.0,1589.61,1133.48,456.13
1308,ORD-10651,PROD-016,4,21.77,0.05,82.73,58.79,23.94
1309,ORD-10651,PROD-013,2,56.96,0.1,102.53,61.83,40.7
1310,ORD-10652,PROD-013,4,54.91,0.0,219.64,99.84,119.8
1311,ORD-10653,PROD-007,2,527.38,0.1,949.28,536.8,412.48
1312,ORD-10654,PROD-005,1,118.04,0.0,118.04,84.63,33.41
1313,ORD-10655,PROD-007,3,535.26,0.1,1445.2,761.38,683.82
1314,ORD-10655,PROD-014,2,29.1,0.0,58.2,30.74,27.46
1315,ORD-10655,PROD-004,3,36.38,0.05,103.68,58.26,45.42
1316,ORD-10656,PROD-013,2,58.36,0.05,110.88,60.2,50.68
1317,ORD-10656,PROD-002,1,287.68,0.0,287.68,162.07,125.61
1318,ORD-10656,PROD-011,3,78.1,0.1,210.87,110.77,100.1
1319,ORD-10657,PROD-010,4,42.38,0.05,161.04,73.74,87.3
1320,ORD-10657,PROD-012,2,64.97,0.0,129.94,59.62,70.32
1321,ORD-10657,PROD-011,4,78.65,0.15,267.41,141.34,126.07
1322,ORD-10658,PROD-003,4,82.7,0.0,330.8,194.55,136.25
1323,ORD-10658,PROD-015,1,16.27,0.0,16.27,8.33,7.94
1324,ORD-10659,PROD-014,3,33.28,0.15,84.86,54.79,30.07
1325,ORD-10659,PROD-001,4,1063.64,0.0,4254.56,2421.31,1833.25
1326,ORD-10659,PROD-007,2,515.91,0.0,1031.82,475.02,556.8
1327,ORD-10660,PROD-011,4,87.86,0.0,351.44,205.8,145.64
1328,ORD-10660,PROD-001,3,924.44,0.0,2773.32,1699.4,1073.92
1329,ORD-10660,PROD-010,1,49.29,0.1,44.36,28.69,15.67
1330,ORD-10661,PROD-001,3,969.13,0.1,2616.65,1297.67,1318.98
1331,ORD-10661,PROD-004,3,42.77,0.05,121.89,82.98,38.91
1332,ORD-10662,PROD-013,2,52.54,0.0,105.08,68.47,36.61
1333,ORD-10663,PROD-002,4,312.64,0.0,1250.56,855.61,394.95
1334,ORD-10664,PROD-016,2,22.43,0.0,44.86,23.47,21.39
1335,ORD-10665,PROD-002,1,277.55,0.0,277.55,126.41,151.14
1336,ORD-10665,PROD-013,1,49.61,0.0,49.61,31.56,18.05
1337,ORD-10666,PROD-005,3,110.42,0.05,314.7,153.51,161.19
1338,ORD-10667,PROD-012,1,68.45,0.0,68.45,37.55,30.9
1339,ORD-10667,PROD-013,3,60.79,0.0,182.37,112.32,70.05
1340,ORD-10667,PROD-011,4,83.07,0.0,332.28,174.5,157.78
1341,ORD-10668,PROD-003,2,76.9,0.05,146.11,80.17,65.94
1342,ORD-10668,PROD-001,2,950.51,0.0,1901.02,1159.76,741.26
1343,ORD-10669,PROD-004,4,39.69,0.05,150.82,73.86,76.96
1344,ORD-10669,PROD-015,2,16.48,0.0,32.96,19.01,13.95
1345,ORD-10669,PROD-001,2,900.29,0.1,1620.52,1022.64,597.88
1346,ORD-10670,PROD-011,4,90.38,0.0,361.52,250.31,111.21
1347,ORD-10670,PROD-014,2,27.19,0.1,48.94,23.48,25.46
1348,ORD-10671,PROD-007,2,510.73,0.0,1021.46,624.21,397.25
1349,ORD-10672,PROD-004,2,40.66,0.0,81.32,47.42,33.9
1350,ORD-10672,PROD-015,2,18.08,0.1,32.54,17.96,14.58
1351,ORD-10673,PROD-001,1,964.45,0.0,964.45,464.65,499.8
1352,ORD-10673,PROD-005,1,105.8,0.0,105.8,55.53,50.27
1353,ORD-10673,PROD-013,1,57.65,0.0,57.65,33.89,23.76
1354,ORD-10674,PROD-008,4,249.63,0.0,998.52,566.36,432.16
1355,ORD-10674,PROD-002,3,266.05,0.0,798.15,491.77,306.38
1356,ORD-10674,PROD-007,3,555.36,0.0,1666.08,789.56,876.52
1357,ORD-10675,PROD-003,3,83.53,0.0,250.59,178.38,72.21
1358,ORD-10676,PROD-016,1,23.64,0.15,20.09,13.88,6.21
1359,ORD-10676,PROD-001,3,968.6,0.0,2905.8,2056.57,849.23
1360,ORD-10677,PROD-002,1,291.5,0.1,262.35,173.52,88.83
1361,ORD-10677,PROD-012,3,71.88,0.05,204.86,99.29,105.57
1362,ORD-10678,PROD-001,3,1054.44,0.1,2846.99,1460.45,1386.54
1363,ORD-10679,PROD-015,2,16.55,0.05,31.45,17.56,13.89
1364,ORD-10679,PROD-016,4,23.27,0.15,79.12,43.05,36.07
1365,ORD-10680,PROD-002,1,306.01,0.0,306.01,182.94,123.07
1366,ORD-10680,PROD-008,4,265.17,0.1,954.61,447.02,507.59
1367,ORD-10681,PROD-008,4,257.33,0.05,977.85,453.39,524.46
1368,ORD-10682,PROD-005,1,121.09,0.0,121.09,65.14,55.95
1369,ORD-10682,PROD-016,1,19.96,0.0,19.96,11.51,8.45
1370,ORD-10682,PROD-008,4,233.86,0.0,935.44,428.85,506.59
1371,ORD-10683,PROD-016,2,24.24,0.0,48.48,31.83,16.65
1372,ORD-10683,PROD-006,1,89.97,0.05,85.47,50.3,35.17
1373,ORD-10683,PROD-004,3,43.81,0.0,131.43,63.98,67.45
1374,ORD-10684,PROD-011,1,77.26,0.05,73.4,49.72,23.68
1375,ORD-10684,PROD-015,1,19.87,0.0,19.87,12.66,7.21
1376,ORD-10685,PROD-002,4,301.81,0.1,1086.52,614.34,472.18
1377,ORD-10686,PROD-008,1,239.06,0.1,215.15,107.14,108.01
1378,ORD-10686,PROD-005,2,106.5,0.05,202.35,121.48,80.87
1379,ORD-10687,PROD-005,2,118.15,0.05,224.49,128.02,96.47
1380,ORD-10688,PROD-009,1,190.7,0.0,190.7,88.92,101.78
1381,ORD-10688,PROD-005,4,112.14,0.15,381.28,264.1,117.18
1382,ORD-10688,PROD-013,2,59.93,0.0,119.86,70.58,49.28
1383,ORD-10689,PROD-007,2,570.31,0.0,1140.62,571.68,568.94
1384,ORD-10690,PROD-003,3,77.89,0.05,221.99,150.03,71.96
1385,ORD-10690,PROD-006,4,97.27,0.0,389.08,243.66,145.42
1386,ORD-10690,PROD-002,2,283.33,0.0,566.66,367.6,199.06
1387,ORD-10691,PROD-003,1,72.95,0.0,72.95,50.93,22.02
1388,ORD-10691,PROD-014,3,30.29,0.0,90.87,54.45,36.42
1389,ORD-10691,PROD-005,4,114.02,0.0,456.08,229.1,226.98
1390,ORD-10692,PROD-008,2,228.22,0.05,433.62,287.24,146.38
1391,ORD-10693,PROD-003,1,80.97,0.05,76.92,35.89,41.03
1392,ORD-10693,PROD-005,2,111.95,0.0,223.9,148.97,74.93
1393,ORD-10694,PROD-008,4,247.49,0.0,989.96,525.67,464.29
1394,ORD-10694,PROD-014,2,30.23,0.05,57.44,31.61,25.83
1395,ORD-10694,PROD-011,1,88.54,0.0,88.54,40.38,48.16
1396,ORD-10695,PROD-002,3,307.92,0.0,923.76,470.42,453.34
1397,ORD-10695,PROD-016,1,20.7,0.1,18.63,11.36,7.27
1398,ORD-10696,PROD-012,4,65.4,0.0,261.6,153.0,108.6
1399,ORD-10696,PROD-016,2,24.36,0.0,48.72,24.64,24.08
1400,ORD-10697,PROD-011,2,89.75,0.05,170.53,82.0,88.53
1401,ORD-10698,PROD-014,4,32.17,0.05,122.25,77.49,44.76
1402,ORD-10698,PROD-007,3,580.95,0.05,1655.71,1038.99,616.72
1403,ORD-10698,PROD-006,2,92.87,0.1,167.17,89.17,78.0
1404,ORD-10699,PROD-012,4,68.77,0.0,275.08,170.19,104.89
1405,ORD-10699,PROD-014,2,27.72,0.0,55.44,31.9,23.54
1406,ORD-10699,PROD-001,1,956.77,0.0,956.77,652.98,303.79
1407,ORD-10700,PROD-011,2,80.15,0.0,160.3,73.26,87.04
1408,ORD-10700,PROD-015,1,19.24,0.1,17.32,8.73,8.59
1409,ORD-10701,PROD-014,4,27.21,0.05,103.4,48.08,55.32
1410,ORD-10701,PROD-013,3,54.24,0.0,162.72,101.82,60.9
1411,ORD-10702,PROD-001,2,1014.14,0.1,1825.45,1279.84,545.61
1412,ORD-10703,PROD-005,2,114.05,0.0,228.1,121.04,107.06
1413,ORD-10704,PROD-009,1,171.22,0.0,171.22,113.71,57.51
1414,ORD-10704,PROD-012,4,58.5,0.1,210.6,95.89,114.71
1415,ORD-10705,PROD-005,1,112.9,0.0,112.9,63.16,49.74
1416,ORD-10705,PROD-014,2,32.18,0.1,57.92,31.95,25.97
1417,ORD-10706,PROD-011,4,84.46,0.0,337.84,159.9,177.94
1418,ORD-10707,PROD-001,1,916.15,0.05,870.34,406.69,463.65
1419,ORD-10707,PROD-007,2,570.55,0.0,1141.1,715.89,425.21
1420,ORD-10707,PROD-005,1,112.33,0.0,112.33,61.8,50.53
1421,ORD-10708,PROD-015,3,17.75,0.05,50.59,28.73,21.86
1422,ORD-10708,PROD-016,3,23.62,0.0,70.86,36.79,34.07
1423,ORD-10708,PROD-011,3,91.43,0.0,274.29,138.23,136.06
1424,ORD-10709,PROD-010,2,44.97,0.0,89.94,43.19,46.75
1425,ORD-10709,PROD-007,4,577.87,0.0,2311.48,1234.45,1077.03
1426,ORD-10709,PROD-006,4,87.87,0.0,351.48,215.89,135.59
1427,ORD-10710,PROD-007,2,483.11,0.1,869.6,582.16,287.44
1428,ORD-10711,PROD-002,1,282.52,0.15,240.14,165.89,74.25
1429,ORD-10712,PROD-010,2,42.06,0.1,75.71,38.78,36.93
1430,ORD-10712,PROD-014,3,27.76,0.0,83.28,59.86,23.42
1431,ORD-10713,PROD-005,2,100.15,0.1,180.27,123.63,56.64
1432,ORD-10713,PROD-012,2,67.82,0.0,135.64,77.86,57.78
1433,ORD-10714,PROD-006,1,95.81,0.0,95.81,46.56,49.25
1434,ORD-10714,PROD-002,1,309.53,0.0,309.53,181.1,128.43
1435,ORD-10715,PROD-012,2,62.29,0.0,124.58,62.65,61.93
1436,ORD-10715,PROD-011,4,77.54,0.05,294.65,152.24,142.41
1437,ORD-10716,PROD-008,3,221.59,0.05,631.53,389.84,241.69
1438,ORD-10717,PROD-016,4,24.1,0.0,96.4,53.96,42.44
1439,ORD-10718,PROD-001,4,898.95,0.0,3595.8,1641.89,1953.91
1440,ORD-10719,PROD-010,4,49.59,0.05,188.44,106.47,81.97
1441,ORD-10719,PROD-008,2,230.01,0.05,437.02,239.31,197.71
1442,ORD-10720,PROD-007,4,521.44,0.1,1877.18,934.76,942.42
1443,ORD-10720,PROD-016,4,23.91,0.0,95.64,49.24,46.4
1444,ORD-10720,PROD-008,1,249.99,0.0,249.99,134.86,115.13
1445,ORD-10721,PROD-016,1,23.27,0.05,22.11,15.35,6.76
1446,ORD-10721,PROD-001,1,1055.65,0.0,1055.65,681.79,373.86
1447,ORD-10721,PROD-012,1,72.44,0.0,72.44,41.84,30.6
1448,ORD-10722,PROD-002,1,300.79,0.15,255.67,181.89,73.78
1449,ORD-10722,PROD-016,3,20.31,0.0,60.93,36.82,24.11
1450,ORD-10722,PROD-008,2,258.72,0.0,517.44,331.02,186.42
1451,ORD-10723,PROD-012,2,62.93,0.0,125.86,61.73,64.13
1452,ORD-10723,PROD-014,1,27.23,0.1,24.51,13.41,11.1
1453,ORD-10724,PROD-015,4,19.53,0.1,70.31,38.36,31.95
1454,ORD-10724,PROD-005,1,122.9,0.0,122.9,82.53,40.37
1455,ORD-10724,PROD-013,4,51.05,0.0,204.2,107.41,96.79
1456,ORD-10725,PROD-015,4,17.59,0.05,66.84,41.67,25.17
1457,ORD-10726,PROD-003,2,78.15,0.15,132.86,69.88,62.98
1458,ORD-10727,PROD-001,1,864.36,0.0,864.36,393.0,471.36
1459,ORD-10727,PROD-002,1,292.88,0.0,292.88,198.92,93.96
1460,ORD-10727,PROD-015,2,16.38,0.0,32.76,18.26,14.5
1461,ORD-10728,PROD-002,2,307.82,0.0,615.64,394.38,221.26
1462,ORD-10728,PROD-016,4,24.1,0.0,96.4,67.03,29.37
1463,ORD-10728,PROD-012,2,60.77,0.05,115.46,61.02,54.44
1464,ORD-10729,PROD-004,4,39.91,0.0,159.64,77.58,82.06
1465,ORD-10730,PROD-004,4,37.34,0.0,149.36,69.48,79.88
1466,ORD-10730,PROD-007,1,496.91,0.0,496.91,296.33,200.58
1467,ORD-10731,PROD-003,2,81.09,0.05,154.07,98.83,55.24
1468,ORD-10731,PROD-007,4,519.56,0.05,1974.33,972.38,1001.95
1469,ORD-10731,PROD-004,2,40.07,0.0,80.14,53.19,26.95
1470,ORD-10732,PROD-006,3,98.62,0.15,251.48,149.65,101.83
1471,ORD-10733,PROD-005,1,105.38,0.0,105.38,58.78,46.6
1472,ORD-10734,PROD-002,4,274.15,0.0,1096.6,646.56,450.04
1473,ORD-10735,PROD-009,4,190.29,0.05,723.1,346.64,376.46
1474,ORD-10735,PROD-005,2,114.46,0.1,206.03,146.22,59.81
1475,ORD-10736,PROD-002,3,288.85,0.0,866.55,484.08,382.47
1476,ORD-10736,PROD-007,1,494.99,0.0,494.99,355.89,139.1
1477,ORD-10737,PROD-016,2,21.61,0.05,41.06,19.18,21.88
1478,ORD-10738,PROD-001,2,987.71,0.0,1975.42,1311.11,664.31
1479,ORD-10739,PROD-011,4,91.78,0.05,348.76,229.49,119.27
1480,ORD-10740,PROD-005,1,114.35,0.05,108.63,57.49,51.14
1481,ORD-10741,PROD-015,3,18.16,0.0,54.48,38.5,15.98
1482,ORD-10741,PROD-002,2,308.1,0.15,523.77,345.05,178.72
1483,ORD-10741,PROD-013,2,54.02,0.1,97.24,55.49,41.75
1484,ORD-10742,PROD-016,4,24.1,0.1,86.76,47.7,39.06
1485,ORD-10742,PROD-007,4,468.16,0.05,1779.01,1161.63,617.38
1486,ORD-10743,PROD-010,4,43.58,0.1,156.89,87.83,69.06
1487,ORD-10743,PROD-008,2,234.44,0.1,421.99,231.05,190.94
1488,ORD-10743,PROD-013,1,49.9,0.0,49.9,32.56,17.34
1489,ORD-10744,PROD-007,1,478.1,0.0,478.1,235.11,242.99
1490,ORD-10744,PROD-013,1,60.57,0.0,60.57,34.27,26.3
1491,ORD-10744,PROD-008,2,247.67,0.0,495.34,291.94,203.4
1492,ORD-10745,PROD-013,1,50.99,0.15,43.34,22.8,20.54
1493,ORD-10745,PROD-003,4,68.25,0.15,232.05,140.88,91.17
1494,ORD-10746,PROD-009,2,190.04,0.1,342.07,206.01,136.06
1495,ORD-10746,PROD-005,1,114.74,0.15,97.53,64.03,33.5
1496,ORD-10747,PROD-010,3,48.87,0.0,146.61,96.97,49.64
1497,ORD-10748,PROD-001,2,887.78,0.05,1686.78,801.49,885.29
1498,ORD-10748,PROD-002,1,256.22,0.0,256.22,126.65,129.57
1499,ORD-10749,PROD-009,2,188.69,0.0,377.38,255.19,122.19
1500,ORD-10749,PROD-008,1,236.1,0.0,236.1,160.8,75.3
1501,ORD-10749,PROD-010,4,45.27,0.0,181.08,117.15,63.93
1502,ORD-10750,PROD-005,3,110.73,0.1,298.97,163.11,135.86
1503,ORD-10750,PROD-009,2,163.56,0.0,327.12,180.97,146.15
1504,ORD-10750,PROD-010,4,47.8,0.0,191.2,112.1,79.1
1505,ORD-10751,PROD-013,4,53.08,0.1,191.09,101.57,89.52
1506,ORD-10751,PROD-006,3,102.24,0.0,306.72,143.23,163.49
1507,ORD-10751,PROD-012,4,63.78,0.05,242.36,132.01,110.35
1508,ORD-10752,PROD-015,4,19.32,0.1,69.55,41.54,28.01
1509,ORD-10752,PROD-010,4,50.02,0.0,200.08,119.92,80.16
1510,ORD-10753,PROD-014,3,29.53,0.05,84.16,56.36,27.8
1511,ORD-10753,PROD-012,2,64.57,0.0,129.14,69.53,59.61
1512,ORD-10754,PROD-015,3,19.95,0.0,59.85,37.27,22.58
1513,ORD-10754,PROD-016,1,19.81,0.0,19.81,9.95,9.86
1514,ORD-10755,PROD-007,2,486.77,0.0,973.54,478.79,494.75
1515,ORD-10756,PROD-003,2,70.19,0.0,140.38,64.81,75.57
1516,ORD-10756,PROD-004,1,41.63,0.15,35.39,25.31,10.08
1517,ORD-10756,PROD-008,3,239.06,0.05,681.32,316.3,365.02
1518,ORD-10757,PROD-004,1,41.3,0.15,35.1,17.7,17.4
1519,ORD-10757,PROD-011,3,93.12,0.0,279.36,156.93,122.43
1520,ORD-10757,PROD-002,4,254.93,0.05,968.73,523.77,444.96
1521,ORD-10758,PROD-001,1,957.78,0.05,909.89,548.66,361.23
1522,ORD-10759,PROD-008,3,253.78,0.1,685.21,339.28,345.93
1523,ORD-10759,PROD-005,2,110.94,0.0,221.88,158.35,63.53
1524,ORD-10759,PROD-011,4,80.53,0.0,322.12,166.99,155.13
1525,ORD-10760,PROD-006,4,86.02,0.1,309.67,151.53,158.14
1526,ORD-10761,PROD-012,2,72.79,0.05,138.3,85.18,53.12
1527,ORD-10761,PROD-001,4,958.93,0.15,3260.36,2129.74,1130.62
1528,ORD-10762,PROD-010,2,45.36,0.05,86.18,46.15,40.03
1529,ORD-10762,PROD-008,2,228.4,0.0,456.8,229.67,227.13
1530,ORD-10763,PROD-011,2,93.72,0.15,159.32,97.76,61.56
1531,ORD-10763,PROD-013,4,51.87,0.05,197.11,131.35,65.76
1532,ORD-10764,PROD-005,3,114.16,0.1,308.23,153.96,154.27
1533,ORD-10764,PROD-008,2,217.7,0.0,435.4,288.73,146.67
1534,ORD-10765,PROD-003,3,80.59,0.0,241.77,173.75,68.02
1535,ORD-10765,PROD-002,1,300.66,0.1,270.59,137.71,132.88
1536,ORD-10766,PROD-004,3,37.35,0.0,112.05,79.85,32.2
1537,ORD-10766,PROD-001,3,963.53,0.0,2890.59,1349.35,1541.24
1538,ORD-10766,PROD-016,4,23.0,0.0,92.0,50.19,41.81
1539,ORD-10767,PROD-006,1,100.66,0.0,100.66,55.75,44.91
1540,ORD-10768,PROD-014,2,29.39,0.05,55.84,38.37,17.47
1541,ORD-10768,PROD-005,4,111.44,0.05,423.47,199.17,224.3
1542,ORD-10769,PROD-012,4,69.82,0.1,251.35,178.75,72.6
1543,ORD-10769,PROD-004,4,39.01,0.0,156.04,93.47,62.57
1544,ORD-10770,PROD-012,1,61.45,0.0,61.45,31.04,30.41
1545,ORD-10770,PROD-002,2,310.53,0.0,621.06,292.59,328.47
1546,ORD-10771,PROD-005,1,119.7,0.1,107.73,73.22,34.51
1547,ORD-10771,PROD-002,1,256.36,0.0,256.36,120.97,135.39
1548,ORD-10772,PROD-010,3,47.31,0.0,141.93,95.56,46.37
1549,ORD-10773,PROD-012,1,68.04,0.05,64.64,44.82,19.82
1550,ORD-10773,PROD-014,3,32.33,0.05,92.14,64.75,27.39
1551,ORD-10774,PROD-009,2,200.4,0.0,400.8,266.56,134.24
1552,ORD-10775,PROD-009,1,168.22,0.0,168.22,91.86,76.36
1553,ORD-10775,PROD-003,1,71.84,0.0,71.84,49.35,22.49
1554,ORD-10776,PROD-001,3,889.04,0.05,2533.76,1637.55,896.21
1555,ORD-10777,PROD-005,2,99.97,0.0,199.94,114.44,85.5
1556,ORD-10777,PROD-007,2,490.25,0.0,980.5,606.59,373.91
1557,ORD-10778,PROD-013,3,58.99,0.1,159.27,102.4,56.87
1558,ORD-10779,PROD-014,3,31.37,0.1,84.7,53.79,30.91
1559,ORD-10779,PROD-016,4,20.89,0.05,79.38,48.36,31.02
1560,ORD-10779,PROD-009,3,173.67,0.1,468.91,299.22,169.69
1561,ORD-10780,PROD-014,4,29.18,0.0,116.72,59.12,57.6
1562,ORD-10781,PROD-012,4,68.56,0.0,274.24,183.6,90.64
1563,ORD-10781,PROD-009,2,185.4,0.0,370.8,167.45,203.35
1564,ORD-10781,PROD-010,4,49.07,0.0,196.28,108.52,87.76
1565,ORD-10782,PROD-016,4,23.22,0.05,88.24,46.51,41.73
1566,ORD-10783,PROD-012,4,65.88,0.0,263.52,142.7,120.82
1567,ORD-10784,PROD-004,2,37.89,0.05,71.99,34.04,37.95
1568,ORD-10784,PROD-010,3,42.29,0.0,126.87,65.69,61.18
1569,ORD-10784,PROD-007,4,483.68,0.05,1837.98,872.41,965.57
1570,ORD-10785,PROD-003,4,68.04,0.1,244.94,147.38,97.56
1571,ORD-10785,PROD-010,3,50.02,0.0,150.06,77.83,72.23
1572,ORD-10786,PROD-006,1,95.07,0.05,90.32,43.16,47.16
1573,ORD-10787,PROD-007,3,502.39,0.1,1356.45,952.35,404.1
1574,ORD-10788,PROD-011,2,90.09,0.1,162.16,104.96,57.2
1575,ORD-10788,PROD-012,2,63.55,0.0,127.1,74.15,52.95
1576,ORD-10789,PROD-006,3,88.58,0.0,265.74,149.01,116.73
1577,ORD-10789,PROD-008,3,261.01,0.0,783.03,365.3,417.73
1578,ORD-10790,PROD-013,3,50.86,0.0,152.58,107.05,45.53
1579,ORD-10790,PROD-012,4,68.08,0.05,258.7,132.77,125.93
1580,ORD-10790,PROD-003,2,68.1,0.15,115.77,69.95,45.82
1581,ORD-10791,PROD-012,2,67.47,0.0,134.94,67.01,67.93
1582,ORD-10791,PROD-010,2,50.12,0.1,90.22,47.2,43.02
1583,ORD-10791,PROD-016,3,21.9,0.15,55.84,31.02,24.82
1584,ORD-10792,PROD-001,3,918.8,0.0,2756.4,1398.85,1357.55
1585,ORD-10792,PROD-005,4,103.76,0.0,415.04,223.8,191.24
1586,ORD-10793,PROD-003,1,73.79,0.0,73.79,43.64,30.15
1587,ORD-10794,PROD-012,2,67.28,0.0,134.56,61.67,72.89
1588,ORD-10794,PROD-013,1,51.85,0.1,46.66,23.14,23.52
1589,ORD-10795,PROD-004,3,42.38,0.05,120.78,71.5,49.28
1590,ORD-10796,PROD-008,3,239.81,0.0,719.43,388.85,330.58
1591,ORD-10796,PROD-006,2,97.32,0.1,175.18,79.92,95.26
1592,ORD-10797,PROD-008,4,242.0,0.1,871.2,515.11,356.09
1593,ORD-10797,PROD-015,2,17.67,0.0,35.34,19.35,15.99
1594,ORD-10798,PROD-011,3,84.6,0.0,253.8,181.85,71.95
1595,ORD-10798,PROD-003,4,74.87,0.1,269.53,139.01,130.52
1596,ORD-10798,PROD-005,4,103.84,0.05,394.59,205.8,188.79
1597,ORD-10799,PROD-004,2,42.84,0.0,85.68,50.34,35.34
1598,ORD-10799,PROD-008,2,244.69,0.05,464.91,227.64,237.27
1599,ORD-10799,PROD-005,2,108.72,0.0,217.44,98.06,119.38
1600,ORD-10800,PROD-011,4,83.02,0.05,315.48,160.49,154.99
1601,ORD-10800,PROD-010,3,50.3,0.0,150.9,78.64,72.26
1602,ORD-10800,PROD-016,2,19.88,0.05,37.77,23.3,14.47
1603,ORD-10801,PROD-006,2,99.21,0.0,198.42,103.65,94.77
1604,ORD-10801,PROD-010,4,49.23,0.1,177.23,109.88,67.35
1605,ORD-10802,PROD-014,4,31.3,0.0,125.2,63.23,61.97
1606,ORD-10802,PROD-007,1,562.12,0.0,562.12,379.77,182.35
1607,ORD-10802,PROD-009,2,194.28,0.0,388.56,225.2,163.36
1608,ORD-10803,PROD-004,4,42.35,0.0,169.4,102.9,66.5
1609,ORD-10803,PROD-010,2,49.2,0.1,88.56,49.61,38.95
1610,ORD-10804,PROD-007,3,556.63,0.05,1586.4,838.91,747.49
1611,ORD-10804,PROD-011,3,93.01,0.0,279.03,171.85,107.18
1612,ORD-10805,PROD-001,4,916.77,0.15,3117.02,1715.05,1401.97
1613,ORD-10806,PROD-011,3,78.03,0.0,234.09,131.01,103.08
1614,ORD-10806,PROD-004,3,42.58,0.15,108.58,63.13,45.45
1615,ORD-10806,PROD-016,1,23.16,0.1,20.84,10.2,10.64
1616,ORD-10807,PROD-009,1,169.77,0.15,144.3,76.54,67.76
1617,ORD-10807,PROD-013,2,51.26,0.0,102.52,63.24,39.28
1618,ORD-10808,PROD-004,4,39.17,0.1,141.01,89.74,51.27
1619,ORD-10808,PROD-009,1,191.58,0.05,182.0,124.84,57.16
1620,ORD-10808,PROD-015,2,16.79,0.1,30.22,16.06,14.16
1621,ORD-10809,PROD-016,3,22.12,0.05,63.04,36.53,26.51
1622,ORD-10809,PROD-010,2,48.62,0.1,87.52,59.46,28.06
1623,ORD-10810,PROD-003,2,74.21,0.0,148.42,69.22,79.2
1624,ORD-10810,PROD-001,1,954.99,0.05,907.24,554.28,352.96
1625,ORD-10811,PROD-009,1,187.1,0.05,177.74,99.51,78.23
1626,ORD-10811,PROD-008,4,223.31,0.1,803.92,567.61,236.31
1627,ORD-10812,PROD-002,1,277.36,0.0,277.36,154.27,123.09
1628,ORD-10813,PROD-007,1,575.84,0.0,575.84,282.55,293.29
1629,ORD-10813,PROD-009,4,188.19,0.1,677.48,448.27,229.21
1630,ORD-10813,PROD-012,2,71.44,0.1,128.59,59.71,68.88
1631,ORD-10814,PROD-016,4,23.34,0.0,93.36,48.7,44.66
1632,ORD-10815,PROD-012,4,70.16,0.1,252.58,171.54,81.04
1633,ORD-10815,PROD-003,3,78.36,0.0,235.08,137.97,97.11
1634,ORD-10815,PROD-002,2,267.1,0.05,507.49,290.72,216.77
1635,ORD-10816,PROD-006,1,94.35,0.05,89.63,63.34,26.29
1636,ORD-10816,PROD-004,4,43.2,0.0,172.8,121.26,51.54
1637,ORD-10816,PROD-016,1,24.59,0.0,24.59,14.17,10.42
1638,ORD-10817,PROD-001,4,1034.16,0.0,4136.64,2503.87,1632.77
1639,ORD-10817,PROD-012,3,63.43,0.0,190.29,134.87,55.42
1640,ORD-10818,PROD-016,2,24.58,0.0,49.16,27.44,21.72
1641,ORD-10819,PROD-015,3,18.24,0.05,51.98,23.65,28.33
1642,ORD-10819,PROD-013,1,59.31,0.05,56.34,38.69,17.65
1643,ORD-10820,PROD-009,3,200.38,0.0,601.14,408.95,192.19
1644,ORD-10821,PROD-005,3,102.68,0.0,308.04,151.74,156.3
1645,ORD-10822,PROD-014,2,29.87,0.0,59.74,39.36,20.38
1646,ORD-10822,PROD-004,3,38.14,0.05,108.7,75.34,33.36
1647,ORD-10823,PROD-014,3,27.5,0.1,74.25,41.46,32.79
1648,ORD-10824,PROD-005,2,119.45,0.0,238.9,110.47,128.43
1649,ORD-10825,PROD-002,2,290.62,0.0,581.24,381.35,199.89
1650,ORD-10825,PROD-004,1,43.16,0.0,43.16,26.36,16.8
1651,ORD-10825,PROD-009,4,192.89,0.0,771.56,545.43,226.13
1652,ORD-10826,PROD-006,3,90.87,0.05,258.98,140.27,118.71
1653,ORD-10826,PROD-008,1,220.12,0.05,209.11,118.32,90.79
1654,ORD-10826,PROD-010,2,46.08,0.1,82.94,53.56,29.38
1655,ORD-10827,PROD-002,3,271.62,0.1,733.37,522.38,210.99
1656,ORD-10827,PROD-009,2,186.99,0.0,373.98,217.9,156.08
1657,ORD-10827,PROD-010,1,45.04,0.0,45.04,28.87,16.17
1658,ORD-10828,PROD-004,1,38.02,0.1,34.22,17.57,16.65
1659,ORD-10829,PROD-008,4,216.53,0.0,866.12,489.99,376.13
1660,ORD-10829,PROD-009,2,170.06,0.05,323.11,164.5,158.61
1661,ORD-10830,PROD-007,4,553.39,0.15,1881.53,1158.36,723.17
1662,ORD-10831,PROD-010,3,47.37,0.1,127.9,77.44,50.46
1663,ORD-10831,PROD-011,1,86.12,0.0,86.12,39.8,46.32
1664,ORD-10832,PROD-001,2,955.63,0.05,1815.7,909.85,905.85
1665,ORD-10833,PROD-004,2,39.46,0.05,74.97,51.83,23.14
1666,ORD-10833,PROD-005,3,100.38,0.0,301.14,208.95,92.19
1667,ORD-10834,PROD-004,1,38.13,0.0,38.13,20.0,18.13
1668,ORD-10834,PROD-008,4,235.55,0.1,847.98,443.24,404.74
1669,ORD-10834,PROD-003,3,69.39,0.0,208.17,141.56,66.61
1670,ORD-10835,PROD-006,2,93.46,0.0,186.92,85.59,101.33
1671,ORD-10836,PROD-013,3,58.17,0.1,157.06,112.71,44.35
1672,ORD-10836,PROD-015,1,17.24,0.1,15.52,9.21,6.31
1673,ORD-10836,PROD-006,2,99.09,0.05,188.27,120.49,67.78
1674,ORD-10837,PROD-011,1,81.4,0.15,69.19,33.2,35.99
1675,ORD-10838,PROD-004,2,36.4,0.0,72.8,45.67,27.13
1676,ORD-10838,PROD-002,1,263.5,0.05,250.32,145.04,105.28
1677,ORD-10839,PROD-014,3,32.02,0.05,91.26,58.12,33.14
1678,ORD-10839,PROD-007,2,536.05,0.0,1072.1,483.71,588.39
1679,ORD-10839,PROD-013,3,58.17,0.1,157.06,82.22,74.84
1680,ORD-10840,PROD-013,1,53.08,0.1,47.77,25.43,22.34
1681,ORD-10841,PROD-009,3,186.74,0.05,532.21,277.54,254.67
1682,ORD-10841,PROD-001,2,907.89,0.1,1634.2,1154.71,479.49
1683,ORD-10842,PROD-005,2,115.31,0.1,207.56,101.17,106.39
1684,ORD-10842,PROD-009,4,193.86,0.1,697.9,421.94,275.96
1685,ORD-10843,PROD-013,3,52.16,0.1,140.83,90.59,50.24
1686,ORD-10843,PROD-011,4,80.29,0.05,305.1,190.82,114.28
1687,ORD-10844,PROD-014,3,30.2,0.0,90.6,47.69,42.91
1688,ORD-10845,PROD-014,1,30.79,0.0,30.79,16.79,14.0
1689,ORD-10845,PROD-002,3,312.6,0.0,937.8,545.01,392.79
1690,ORD-10845,PROD-007,4,499.5,0.0,1998.0,940.34,1057.66
1691,ORD-10846,PROD-007,1,565.5,0.0,565.5,390.27,175.23
1692,ORD-10846,PROD-006,2,90.68,0.0,181.36,102.37,78.99
1693,ORD-10846,PROD-008,2,261.32,0.1,470.38,221.64,248.74
1694,ORD-10847,PROD-003,2,75.67,0.0,151.34,84.87,66.47
1695,ORD-10847,PROD-011,1,84.65,0.0,84.65,39.05,45.6
1696,ORD-10848,PROD-011,3,76.83,0.0,230.49,160.22,70.27
1697,ORD-10848,PROD-015,2,16.86,0.0,33.72,19.11,14.61
1698,ORD-10849,PROD-016,1,24.46,0.15,20.79,11.48,9.31
1699,ORD-10850,PROD-003,3,78.39,0.0,235.17,161.52,73.65
1700,ORD-10850,PROD-005,2,100.44,0.0,200.88,144.0,56.88
1701,ORD-10850,PROD-012,3,60.11,0.0,180.33,117.94,62.39
1702,ORD-10851,PROD-011,4,78.59,0.0,314.36,197.39,116.97
1703,ORD-10851,PROD-013,3,50.04,0.0,150.12,90.73,59.39
1704,ORD-10851,PROD-006,4,89.56,0.0,358.24,181.96,176.28
1705,ORD-10852,PROD-007,3,544.8,0.1,1470.96,1000.56,470.4
1706,ORD-10852,PROD-001,4,898.75,0.05,3415.25,1872.92,1542.33
1707,ORD-10852,PROD-014,1,32.18,0.0,32.18,16.15,16.03
1708,ORD-10853,PROD-008,1,234.92,0.0,234.92,111.86,123.06
1709,ORD-10853,PROD-006,1,102.55,0.05,97.42,52.64,44.78
1710,ORD-10854,PROD-010,4,44.76,0.05,170.09,102.25,67.84
1711,ORD-10854,PROD-015,1,17.39,0.0,17.39,12.24,5.15
1712,ORD-10854,PROD-013,2,52.35,0.05,99.47,48.14,51.33
1713,ORD-10855,PROD-013,3,53.69,0.0,161.07,103.77,57.3
1714,ORD-10855,PROD-001,2,883.65,0.0,1767.3,822.41,944.89
1715,ORD-10856,PROD-011,3,89.0,0.0,267.0,165.56,101.44
1716,ORD-10856,PROD-012,1,67.6,0.0,67.6,33.54,34.06
1717,ORD-10857,PROD-014,2,28.41,0.15,48.3,32.12,16.18
1718,ORD-10857,PROD-007,4,542.38,0.1,1952.57,1048.8,903.77
1719,ORD-10858,PROD-009,2,179.11,0.0,358.22,254.05,104.17
1720,ORD-10859,PROD-012,1,69.9,0.05,66.41,37.71,28.7
1721,ORD-10859,PROD-004,4,43.82,0.1,157.75,110.45,47.3
1722,ORD-10859,PROD-013,2,57.81,0.05,109.84,77.52,32.32
1723,ORD-10860,PROD-003,1,79.31,0.0,79.31,36.95,42.36
1724,ORD-10861,PROD-008,2,250.8,0.05,476.52,215.78,260.74
1725,ORD-10862,PROD-014,4,29.48,0.0,117.92,79.39,38.53
1726,ORD-10862,PROD-008,2,235.78,0.05,447.98,221.38,226.6
1727,ORD-10863,PROD-013,1,52.13,0.1,46.92,30.09,16.83
1728,ORD-10864,PROD-014,4,31.95,0.0,127.8,83.93,43.87
1729,ORD-10864,PROD-011,2,78.38,0.0,156.76,74.13,82.63
1730,ORD-10865,PROD-010,1,43.64,0.1,39.28,18.02,21.26
1731,ORD-10866,PROD-001,4,1034.73,0.0,4138.92,2940.75,1198.17
1732,ORD-10866,PROD-011,3,83.49,0.1,225.42,136.03,89.39
1733,ORD-10867,PROD-005,3,113.71,0.05,324.07,180.56,143.51
1734,ORD-10868,PROD-015,2,18.21,0.05,34.6,20.4,14.2
1735,ORD-10868,PROD-009,3,164.58,0.0,493.74,311.0,182.74
1736,ORD-10868,PROD-006,4,88.22,0.05,335.24,184.59,150.65
1737,ORD-10869,PROD-013,2,60.47,0.1,108.85,60.01,48.84
1738,ORD-10870,PROD-002,3,302.21,0.05,861.3,388.67,472.63
1739,ORD-10870,PROD-016,3,20.01,0.0,60.03,34.4,25.63
1740,ORD-10871,PROD-011,4,89.18,0.0,356.72,202.68,154.04
1741,ORD-10871,PROD-015,4,16.74,0.0,66.96,34.56,32.4
1742,ORD-10871,PROD-016,2,22.25,0.0,44.5,24.37,20.13
1743,ORD-10872,PROD-013,1,53.86,0.0,53.86,37.16,16.7
1744,ORD-10873,PROD-015,3,18.97,0.0,56.91,38.35,18.56
1745,ORD-10873,PROD-004,2,40.23,0.0,80.46,44.48,35.98
1746,ORD-10873,PROD-002,4,298.08,0.0,1192.32,587.28,605.04
1747,ORD-10874,PROD-001,2,1002.02,0.0,2004.04,1171.36,832.68
1748,ORD-10874,PROD-014,4,32.5,0.0,130.0,91.17,38.83
1749,ORD-10874,PROD-011,4,87.16,0.05,331.21,208.99,122.22
1750,ORD-10875,PROD-003,3,75.52,0.0,226.56,153.18,73.38
1751,ORD-10876,PROD-013,3,59.58,0.1,160.87,107.29,53.58
1752,ORD-10876,PROD-008,4,236.26,0.05,897.79,625.37,272.42
1753,ORD-10876,PROD-001,2,906.49,0.0,1812.98,885.28,927.7
1754,ORD-10877,PROD-001,3,895.04,0.15,2282.35,1274.44,1007.91
1755,ORD-10878,PROD-004,2,37.9,0.0,75.8,53.88,21.92
1756,ORD-10878,PROD-007,2,518.3,0.1,932.94,605.96,326.98
1757,ORD-10879,PROD-006,3,96.27,0.0,288.81,160.99,127.82
1758,ORD-10880,PROD-014,3,28.75,0.1,77.62,36.43,41.19
1759,ORD-10881,PROD-013,2,52.54,0.1,94.57,66.2,28.37
1760,ORD-10881,PROD-009,2,192.88,0.05,366.47,222.13,144.34
1761,ORD-10881,PROD-006,2,91.52,0.0,183.04,87.02,96.02
1762,ORD-10882,PROD-003,2,72.07,0.1,129.73,71.97,57.76
1763,ORD-10883,PROD-006,1,88.04,0.0,88.04,62.25,25.79
1764,ORD-10883,PROD-012,2,60.41,0.1,108.74,55.32,53.42
1765,ORD-10884,PROD-004,1,42.22,0.0,42.22,21.25,20.97
1766,ORD-10884,PROD-016,1,22.68,0.1,20.41,13.31,7.1
1767,ORD-10885,PROD-006,3,101.04,0.1,272.81,170.7,102.11
1768,ORD-10885,PROD-010,4,48.16,0.0,192.64,94.58,98.06
1769,ORD-10885,PROD-001,4,979.32,0.1,3525.55,2287.47,1238.08
1770,ORD-10886,PROD-001,3,944.3,0.0,2832.9,1468.59,1364.31
1771,ORD-10887,PROD-014,4,32.82,0.0,131.28,74.09,57.19
1772,ORD-10887,PROD-015,2,16.7,0.0,33.4,15.99,17.41
1773,ORD-10888,PROD-013,3,58.25,0.0,174.75,110.21,64.54
1774,ORD-10889,PROD-004,1,41.54,0.15,35.31,22.43,12.88
1775,ORD-10890,PROD-008,2,219.1,0.0,438.2,285.43,152.77
1776,ORD-10890,PROD-006,4,97.52,0.05,370.58,169.1,201.48
1777,ORD-10890,PROD-014,4,29.89,0.0,119.56,65.0,54.56
1778,ORD-10891,PROD-007,3,540.05,0.0,1620.15,1095.08,525.07
1779,ORD-10892,PROD-004,1,39.27,0.05,37.31,21.14,16.17
1780,ORD-10892,PROD-015,4,16.65,0.0,66.6,36.38,30.22
1781,ORD-10893,PROD-006,2,99.19,0.0,198.38,128.76,69.62
1782,ORD-10894,PROD-016,1,20.03,0.0,20.03,10.93,9.1
1783,ORD-10894,PROD-001,2,1012.88,0.0,2025.76,1358.4,667.36
1784,ORD-10895,PROD-010,3,47.22,0.0,141.66,79.45,62.21
1785,ORD-10896,PROD-011,2,86.21,0.0,172.42,101.67,70.75
1786,ORD-10896,PROD-014,2,29.57,0.1,53.23,33.1,20.13
1787,ORD-10897,PROD-012,3,67.94,0.0,203.82,105.13,98.69
1788,ORD-10897,PROD-002,2,291.67,0.05,554.17,290.87,263.3
1789,ORD-10897,PROD-009,2,173.13,0.0,346.26,188.55,157.71
1790,ORD-10898,PROD-015,2,19.41,0.05,36.88,25.21,11.67
1791,ORD-10898,PROD-006,3,90.92,0.0,272.76,181.87,90.89
1792,ORD-10899,PROD-012,3,69.3,0.05,197.5,109.03,88.47
1793,ORD-10900,PROD-007,4,469.72,0.0,1878.88,1107.32,771.56
1794,ORD-10900,PROD-010,1,40.52,0.15,34.44,20.66,13.78
1795,ORD-10900,PROD-006,3,101.16,0.05,288.31,166.56,121.75
1796,ORD-10901,PROD-006,1,105.84,0.15,89.96,40.67,49.29
1797,ORD-10902,PROD-009,4,165.72,0.05,629.74,369.28,260.46
1798,ORD-10903,PROD-010,2,44.39,0.15,75.46,42.89,32.57
1799,ORD-10903,PROD-005,4,119.64,0.0,478.56,314.38,164.18
1800,ORD-10904,PROD-009,1,167.46,0.0,167.46,101.45,66.01
1801,ORD-10904,PROD-008,4,232.08,0.05,881.9,624.04,257.86
1802,ORD-10905,PROD-007,1,514.75,0.1,463.28,276.87,186.41
1803,ORD-10905,PROD-001,1,951.96,0.0,951.96,474.66,477.3
1804,ORD-10906,PROD-013,3,55.12,0.0,165.36,106.8,58.56
1805,ORD-10906,PROD-016,4,21.63,0.05,82.19,43.75,38.44
1806,ORD-10907,PROD-014,4,28.91,0.1,104.08,51.7,52.38
1807,ORD-10907,PROD-015,3,19.02,0.0,57.06,36.45,20.61
1808,ORD-10907,PROD-007,3,498.78,0.15,1271.89,663.75,608.14
1809,ORD-10908,PROD-012,4,70.24,0.05,266.91,188.55,78.36
1810,ORD-10908,PROD-010,1,47.8,0.1,43.02,22.1,20.92
1811,ORD-10908,PROD-004,4,42.42,0.05,161.2,92.53,68.67
1812,ORD-10909,PROD-003,2,67.83,0.05,128.88,73.67,55.21
1813,ORD-10910,PROD-001,3,869.3,0.1,2347.11,1561.29,785.82
1814,ORD-10910,PROD-013,4,58.72,0.15,199.65,142.97,56.68
1815,ORD-10910,PROD-008,3,245.09,0.05,698.51,337.31,361.2
1816,ORD-10911,PROD-013,2,53.91,0.1,97.04,63.61,33.43
1817,ORD-10912,PROD-015,3,18.11,0.0,54.33,26.49,27.84
1818,ORD-10913,PROD-009,1,199.75,0.05,189.76,126.43,63.33
1819,ORD-10913,PROD-005,3,102.45,0.0,307.35,197.74,109.61
1820,ORD-10914,PROD-008,4,252.57,0.0,1010.28,555.12,455.16
1821,ORD-10914,PROD-002,4,298.31,0.05,1133.58,745.09,388.49
1822,ORD-10915,PROD-013,4,54.54,0.15,185.44,113.45,71.99
1823,ORD-10915,PROD-016,4,22.57,0.0,90.28,50.9,39.38
1824,ORD-10915,PROD-002,4,266.61,0.1,959.8,621.64,338.16
1825,ORD-10916,PROD-006,1,93.86,0.0,93.86,49.35,44.51
1826,ORD-10917,PROD-010,3,48.26,0.05,137.54,62.87,74.67
1827,ORD-10917,PROD-011,2,94.93,0.15,161.38,116.03,45.35
1828,ORD-10917,PROD-003,4,76.84,0.0,307.36,170.39,136.97
1829,ORD-10918,PROD-003,1,83.52,0.0,83.52,51.99,31.53
1830,ORD-10919,PROD-015,1,16.32,0.0,16.32,7.68,8.64
1831,ORD-10920,PROD-006,4,91.18,0.0,364.72,241.77,122.95
1832,ORD-10921,PROD-006,1,101.2,0.0,101.2,67.37,33.83
1833,ORD-10921,PROD-009,2,162.5,0.1,292.5,174.72,117.78
1834,ORD-10922,PROD-011,4,87.21,0.0,348.84,165.15,183.69
1835,ORD-10923,PROD-016,2,24.0,0.0,48.0,23.83,24.17
1836,ORD-10924,PROD-009,4,183.33,0.1,659.99,319.24,340.75
1837,ORD-10924,PROD-010,2,48.97,0.1,88.15,59.53,28.62
1838,ORD-10925,PROD-006,4,104.87,0.0,419.48,262.03,157.45
1839,ORD-10925,PROD-013,4,52.35,0.0,209.4,146.71,62.69
1840,ORD-10925,PROD-015,4,19.74,0.0,78.96,43.14,35.82
1841,ORD-10926,PROD-008,4,233.76,0.05,888.29,547.76,340.53
1842,ORD-10926,PROD-002,4,304.51,0.0,1218.04,839.19,378.85
1843,ORD-10927,PROD-014,1,32.29,0.05,30.68,21.8,8.88
1844,ORD-10928,PROD-014,4,31.33,0.1,112.79,63.94,48.85
1845,ORD-10928,PROD-007,2,561.2,0.0,1122.4,627.36,495.04
1846,ORD-10929,PROD-009,2,190.48,0.0,380.96,199.13,181.83
1847,ORD-10930,PROD-014,3,29.73,0.0,89.19,57.91,31.28
1848,ORD-10930,PROD-012,4,67.33,0.0,269.32,176.55,92.77
1849,ORD-10931,PROD-006,3,89.53,0.15,228.3,114.79,113.51
1850,ORD-10932,PROD-009,4,189.49,0.0,757.96,493.58,264.38
1851,ORD-10932,PROD-008,3,236.89,0.05,675.14,466.2,208.94
1852,ORD-10932,PROD-014,4,28.23,0.0,112.92,78.01,34.91
1853,ORD-10933,PROD-003,2,71.37,0.0,142.74,66.18,76.56
1854,ORD-10933,PROD-012,2,68.78,0.0,137.56,89.8,47.76
1855,ORD-10934,PROD-015,1,18.08,0.15,15.37,8.71,6.66
1856,ORD-10935,PROD-002,3,255.26,0.0,765.78,348.89,416.89
1857,ORD-10935,PROD-004,3,38.63,0.0,115.89,67.21,48.68
1858,ORD-10936,PROD-013,3,54.95,0.0,164.85,115.21,49.64
1859,ORD-10936,PROD-002,1,292.19,0.0,292.19,139.39,152.8
1860,ORD-10937,PROD-007,3,510.53,0.05,1455.01,1008.47,446.54
1861,ORD-10937,PROD-006,4,102.92,0.05,391.1,191.43,199.67
1862,ORD-10937,PROD-008,2,238.77,0.0,477.54,342.63,134.91
1863,ORD-10938,PROD-013,4,56.77,0.05,215.73,124.83,90.9
1864,ORD-10939,PROD-009,2,174.32,0.0,348.64,167.89,180.75
1865,ORD-10939,PROD-012,4,62.23,0.05,236.47,165.36,71.11
1866,ORD-10940,PROD-014,3,31.74,0.0,95.22,59.47,35.75
1867,ORD-10940,PROD-013,1,57.5,0.0,57.5,27.88,29.62
1868,ORD-10941,PROD-008,2,240.15,0.15,408.25,266.35,141.9
1869,ORD-10941,PROD-014,4,27.16,0.1,97.78,68.19,29.59
1870,ORD-10941,PROD-003,1,75.19,0.05,71.43,38.49,32.94
1871,ORD-10942,PROD-012,3,64.12,0.0,192.36,114.01,78.35
1872,ORD-10942,PROD-002,4,288.61,0.0,1154.44,570.35,584.09
1873,ORD-10942,PROD-014,1,29.47,0.0,29.47,16.87,12.6
1874,ORD-10943,PROD-012,1,61.53,0.0,61.53,38.47,23.06
1875,ORD-10943,PROD-013,1,54.66,0.0,54.66,34.57,20.09
1876,ORD-10944,PROD-004,2,39.43,0.0,78.86,42.4,36.46
1877,ORD-10944,PROD-012,2,67.19,0.0,134.38,81.23,53.15
1878,ORD-10944,PROD-003,2,67.79,0.05,128.8,78.08,50.72
1879,ORD-10945,PROD-012,3,67.4,0.0,202.2,102.95,99.25
1880,ORD-10946,PROD-012,4,72.74,0.1,261.86,138.52,123.34
1881,ORD-10947,PROD-011,1,85.24,0.05,80.98,42.15,38.83
1882,ORD-10947,PROD-004,1,37.65,0.0,37.65,19.33,18.32
1883,ORD-10948,PROD-015,1,19.6,0.05,18.62,8.6,10.02
1884,ORD-10948,PROD-012,2,64.74,0.15,110.06,60.14,49.92
1885,ORD-10948,PROD-001,1,937.0,0.0,937.0,437.99,499.01
1886,ORD-10949,PROD-013,4,52.03,0.15,176.9,116.55,60.35
1887,ORD-10949,PROD-010,2,47.46,0.0,94.92,44.88,50.04
1888,ORD-10949,PROD-015,3,18.66,0.05,53.18,25.11,28.07
1889,ORD-10950,PROD-007,3,486.48,0.0,1459.44,1021.19,438.25
1890,ORD-10951,PROD-009,2,166.57,0.05,316.48,165.53,150.95
1891,ORD-10951,PROD-016,1,22.24,0.0,22.24,13.65,8.59
1892,ORD-10951,PROD-010,1,41.55,0.0,41.55,19.4,22.15
1893,ORD-10952,PROD-014,4,28.81,0.0,115.24,67.67,47.57
1894,ORD-10952,PROD-004,4,43.67,0.1,157.21,85.13,72.08
1895,ORD-10952,PROD-009,1,177.33,0.0,177.33,123.86,53.47
1896,ORD-10953,PROD-010,4,47.59,0.1,171.32,93.68,77.64
1897,ORD-10954,PROD-015,4,16.74,0.0,66.96,42.83,24.13
1898,ORD-10954,PROD-005,1,113.66,0.0,113.66,81.73,31.93
1899,ORD-10955,PROD-014,1,27.88,0.1,25.09,13.75,11.34
1900,ORD-10956,PROD-010,1,45.13,0.1,40.62,21.87,18.75
1901,ORD-10956,PROD-015,4,18.85,0.05,71.63,50.57,21.06
1902,ORD-10957,PROD-013,3,61.34,0.0,184.02,85.12,98.9
1903,ORD-10957,PROD-011,4,90.15,0.0,360.6,196.02,164.58
1904,ORD-10958,PROD-004,3,37.78,0.1,102.01,70.58,31.43
1905,ORD-10958,PROD-013,3,61.26,0.05,174.59,89.96,84.63
1906,ORD-10958,PROD-015,4,18.91,0.15,64.29,43.93,20.36
1907,ORD-10959,PROD-005,3,117.29,0.05,334.28,169.97,164.31
1908,ORD-10959,PROD-007,4,570.35,0.0,2281.4,1150.95,1130.45
1909,ORD-10959,PROD-004,1,44.8,0.0,44.8,26.29,18.51
1910,ORD-10960,PROD-013,1,58.5,0.15,49.73,25.46,24.27
1911,ORD-10960,PROD-001,1,1058.39,0.1,952.55,478.78,473.77
1912,ORD-10960,PROD-003,4,76.96,0.05,292.45,192.64,99.81
1913,ORD-10961,PROD-011,4,80.59,0.05,306.24,161.45,144.79
1914,ORD-10961,PROD-007,2,526.03,0.0,1052.06,699.58,352.48
1915,ORD-10962,PROD-001,3,990.45,0.0,2971.35,2096.37,874.98
1916,ORD-10962,PROD-003,1,70.68,0.1,63.61,29.54,34.07
1917,ORD-10962,PROD-006,2,95.85,0.05,182.11,115.3,66.81
1918,ORD-10963,PROD-010,3,48.19,0.15,122.88,71.85,51.03
1919,ORD-10963,PROD-012,1,72.13,0.15,61.31,36.79,24.52
1920,ORD-10964,PROD-016,1,24.18,0.0,24.18,17.26,6.92
1921,ORD-10964,PROD-014,1,32.11,0.0,32.11,21.43,10.68
1922,ORD-10964,PROD-010,1,48.91,0.05,46.46,31.51,14.95
1923,ORD-10965,PROD-004,1,36.14,0.15,30.72,16.88,13.84
1924,ORD-10965,PROD-013,3,52.51,0.0,157.53,96.99,60.54
1925,ORD-10966,PROD-004,1,36.4,0.0,36.4,20.16,16.24
1926,ORD-10966,PROD-008,3,246.81,0.0,740.43,378.09,362.34
1927,ORD-10967,PROD-010,1,40.9,0.0,40.9,25.12,15.78
1928,ORD-10967,PROD-014,4,30.18,0.0,120.72,67.8,52.92
1929,ORD-10967,PROD-013,2,55.96,0.0,111.92,74.45,37.47
1930,ORD-10968,PROD-002,3,265.6,0.0,796.8,410.35,386.45
1931,ORD-10968,PROD-012,3,64.42,0.1,173.93,91.53,82.4
1932,ORD-10968,PROD-005,2,109.63,0.1,197.33,140.81,56.52
1933,ORD-10969,PROD-015,1,19.48,0.1,17.53,9.22,8.31
1934,ORD-10970,PROD-005,3,111.72,0.0,335.16,223.94,111.22
1935,ORD-10970,PROD-003,4,82.64,0.0,330.56,168.52,162.04
1936,ORD-10971,PROD-016,3,22.84,0.1,61.67,37.52,24.15
1937,ORD-10972,PROD-016,3,21.43,0.1,57.86,26.46,31.4
1938,ORD-10972,PROD-001,2,913.15,0.0,1826.3,1219.47,606.83
1939,ORD-10973,PROD-001,2,1045.51,0.0,2091.02,1029.41,1061.61
1940,ORD-10974,PROD-001,4,967.36,0.1,3482.5,1871.35,1611.15
1941,ORD-10974,PROD-002,1,282.99,0.0,282.99,137.75,145.24
1942,ORD-10974,PROD-013,3,49.54,0.1,133.76,85.45,48.31
1943,ORD-10975,PROD-008,2,233.32,0.0,466.64,321.69,144.95
1944,ORD-10975,PROD-002,3,299.15,0.0,897.45,598.03,299.42
1945,ORD-10975,PROD-016,1,21.45,0.1,19.3,10.71,8.59
1946,ORD-10976,PROD-011,2,76.58,0.15,130.19,87.73,42.46
1947,ORD-10977,PROD-011,4,94.89,0.0,379.56,203.98,175.58
1948,ORD-10978,PROD-005,2,109.45,0.05,207.95,126.24,81.71
1949,ORD-10978,PROD-009,4,164.45,0.0,657.8,343.32,314.48
1950,ORD-10978,PROD-002,4,270.51,0.0,1082.04,592.42,489.62
1951,ORD-10979,PROD-016,4,19.98,0.0,79.92,38.5,41.42
1952,ORD-10980,PROD-014,1,31.66,0.0,31.66,16.16,15.5
1953,ORD-10980,PROD-003,4,71.54,0.05,271.85,148.73,123.12
1954,ORD-10980,PROD-007,3,491.83,0.1,1327.94,937.53,390.41
1955,ORD-10981,PROD-009,3,198.16,0.0,594.48,342.72,251.76
1956,ORD-10981,PROD-016,2,21.67,0.05,41.17,23.86,17.31
1957,ORD-10981,PROD-004,4,43.34,0.0,173.36,80.5,92.86
1958,ORD-10982,PROD-007,1,566.33,0.15,481.38,301.17,180.21
1959,ORD-10983,PROD-012,4,67.93,0.05,258.13,118.9,139.23
1960,ORD-10983,PROD-011,2,85.53,0.0,171.06,94.72,76.34
1961,ORD-10983,PROD-004,2,44.17,0.0,88.34,59.93,28.41
1962,ORD-10984,PROD-015,4,19.52,0.0,78.08,42.28,35.8
1963,ORD-10985,PROD-004,4,36.22,0.05,137.64,72.7,64.94
1964,ORD-10985,PROD-009,2,199.66,0.0,399.32,184.07,215.25
1965,ORD-10986,PROD-008,2,237.64,0.0,475.28,330.79,144.49
1966,ORD-10987,PROD-014,3,30.84,0.0,92.52,46.78,45.74
1967,ORD-10988,PROD-004,2,43.18,0.0,86.36,38.94,47.42
1968,ORD-10988,PROD-010,3,49.59,0.05,141.33,81.99,59.34
1969,ORD-10989,PROD-009,2,167.91,0.05,319.03,168.97,150.06
1970,ORD-10989,PROD-016,4,22.58,0.05,85.8,46.48,39.32
1971,ORD-10990,PROD-008,1,252.45,0.0,252.45,148.48,103.97
1972,ORD-10990,PROD-010,3,49.26,0.0,147.78,81.44,66.34
1973,ORD-10990,PROD-005,1,110.7,0.05,105.16,52.79,52.37
1974,ORD-10991,PROD-003,2,78.87,0.0,157.74,100.87,56.87
1975,ORD-10991,PROD-015,4,17.2,0.0,68.8,33.92,34.88
1976,ORD-10991,PROD-008,1,235.23,0.0,235.23,163.34,71.89
1977,ORD-10992,PROD-010,4,48.4,0.15,164.56,77.6,86.96
1978,ORD-10992,PROD-006,4,105.34,0.15,358.16,252.43,105.73
1979,ORD-10993,PROD-013,4,59.55,0.0,238.2,163.72,74.48
1980,ORD-10994,PROD-016,2,23.29,0.1,41.92,20.43,21.49
1981,ORD-10994,PROD-002,3,297.66,0.1,803.68,572.64,231.04
1982,ORD-10995,PROD-011,2,77.95,0.0,155.9,95.16,60.74
1983,ORD-10996,PROD-003,3,78.4,0.05,223.44,151.68,71.76
1984,ORD-10996,PROD-009,2,194.88,0.0,389.76,210.36,179.4
1985,ORD-10997,PROD-002,3,277.07,0.1,748.09,489.52,258.57
1986,ORD-10997,PROD-008,1,239.0,0.15,203.15,102.12,101.03
1987,ORD-10998,PROD-001,2,983.72,0.15,1672.32,884.39,787.93
1988,ORD-10998,PROD-002,2,264.9,0.0,529.8,363.21,166.59
1989,ORD-10999,PROD-008,1,231.39,0.0,231.39,105.07,126.32
1990,ORD-10999,PROD-005,1,113.49,0.1,102.14,72.35,29.79
1991,ORD-11000,PROD-002,1,283.16,0.0,283.16,171.52,111.64
1992,ORD-11001,PROD-011,3,91.86,0.05,261.8,127.48,134.32
1993,ORD-11002,PROD-003,4,82.44,0.0,329.76,166.91,162.85
1994,ORD-11002,PROD-002,1,294.44,0.0,294.44,172.41,122.03
1995,ORD-11002,PROD-007,4,556.48,0.0,2225.92,1544.24,681.68
1996,ORD-11003,PROD-015,4,16.73,0.05,63.57,42.57,21.0
1997,ORD-11003,PROD-013,4,51.66,0.1,185.98,116.21,69.77
1998,ORD-11003,PROD-012,4,69.79,0.0,279.16,141.07,138.09
1999,ORD-11004,PROD-001,3,879.07,0.0,2637.21,1768.22,868.99
2000,ORD-11004,PROD-012,2,62.83,0.15,106.81,56.19,50.62
2001,ORD-11005,PROD-006,1,92.29,0.0,92.29,57.81,34.48
2002,ORD-11006,PROD-010,1,42.77,0.15,36.35,20.59,15.76
2003,ORD-11006,PROD-016,3,22.06,0.1,59.56,37.88,21.68
2004,ORD-11006,PROD-003,2,80.05,0.15,136.08,84.97,51.11
2005,ORD-11007,PROD-007,1,482.31,0.1,434.08,281.99,152.09
2006,ORD-11007,PROD-010,4,43.51,0.15,147.93,76.56,71.37
2007,ORD-11008,PROD-011,4,79.71,0.0,318.84,172.39,146.45
2008,ORD-11009,PROD-005,3,115.11,0.0,345.33,198.09,147.24
2009,ORD-11009,PROD-003,1,79.66,0.0,79.66,46.52,33.14
2010,ORD-11009,PROD-004,4,40.71,0.0,162.84,92.5,70.34
2011,ORD-11010,PROD-015,4,18.69,0.05,71.02,44.11,26.91
2012,ORD-11010,PROD-003,2,81.13,0.1,146.03,98.42,47.61
2013,ORD-11011,PROD-001,4,899.83,0.0,3599.32,2567.54,1031.78
2014,ORD-11012,PROD-016,3,23.94,0.0,71.82,50.66,21.16
2015,ORD-11013,PROD-009,1,198.02,0.0,198.02,108.98,89.04
2016,ORD-11013,PROD-002,4,296.55,0.05,1126.89,723.47,403.42
2017,ORD-11013,PROD-005,1,121.27,0.1,109.14,53.27,55.87
2018,ORD-11014,PROD-011,4,77.12,0.0,308.48,151.39,157.09
2019,ORD-11014,PROD-003,1,73.2,0.05,69.54,47.37,22.17
2020,ORD-11014,PROD-010,3,48.15,0.0,144.45,95.77,48.68
2021,ORD-11015,PROD-001,1,1027.54,0.0,1027.54,516.89,510.65
2022,ORD-11015,PROD-006,2,95.56,0.0,191.12,126.25,64.87
2023,ORD-11016,PROD-008,3,222.79,0.0,668.37,423.66,244.71
2024,ORD-11017,PROD-014,3,33.51,0.15,85.45,58.51,26.94
2025,ORD-11018,PROD-004,4,43.45,0.0,173.8,98.77,75.03
2026,ORD-11018,PROD-015,2,20.06,0.05,38.11,17.27,20.84
2027,ORD-11019,PROD-003,4,69.1,0.15,234.94,120.75,114.19
2028,ORD-11020,PROD-012,4,65.16,0.05,247.61,156.3,91.31
2029,ORD-11020,PROD-006,2,88.53,0.0,177.06,85.25,91.81
2030,ORD-11021,PROD-001,4,883.23,0.05,3356.27,1983.03,1373.24
2031,ORD-11022,PROD-002,4,260.48,0.0,1041.92,693.49,348.43
2032,ORD-11022,PROD-001,1,962.48,0.1,866.23,584.51,281.72
2033,ORD-11023,PROD-012,3,72.4,0.05,206.34,102.01,104.33
2034,ORD-11023,PROD-007,2,570.38,0.0,1140.76,525.42,615.34
2035,ORD-11024,PROD-014,4,31.43,0.0,125.72,62.63,63.09
2036,ORD-11024,PROD-013,1,49.91,0.0,49.91,23.51,26.4
2037,ORD-11024,PROD-015,3,17.71,0.05,50.47,27.94,22.53
2038,ORD-11025,PROD-003,4,79.47,0.0,317.88,203.45,114.43
2039,ORD-11025,PROD-006,1,104.01,0.05,98.81,63.36,35.45
2040,ORD-11026,PROD-004,4,44.11,0.0,176.44,86.02,90.42
2041,ORD-11026,PROD-006,3,100.6,0.0,301.8,137.57,164.23
2042,ORD-11027,PROD-015,2,17.24,0.0,34.48,24.21,10.27
2043,ORD-11027,PROD-013,2,50.84,0.05,96.6,69.14,27.46
2044,ORD-11027,PROD-014,3,30.01,0.05,85.53,48.95,36.58
2045,ORD-11028,PROD-007,3,555.69,0.1,1500.36,1007.28,493.08
2046,ORD-11028,PROD-010,2,47.33,0.0,94.66,50.4,44.26
2047,ORD-11029,PROD-010,1,42.33,0.0,42.33,28.07,14.26
2048,ORD-11029,PROD-004,2,41.07,0.05,78.03,45.96,32.07
2049,ORD-11029,PROD-006,2,87.43,0.0,174.86,91.63,83.23
2050,ORD-11030,PROD-013,1,50.94,0.05,48.39,30.96,17.43
2051,ORD-11031,PROD-004,3,42.26,0.05,120.44,81.7,38.74
2052,ORD-11031,PROD-007,1,556.83,0.1,501.15,274.37,226.78
2053,ORD-11032,PROD-002,1,283.03,0.1,254.73,170.98,83.75
2054,ORD-11032,PROD-005,4,100.12,0.0,400.48,191.6,208.88
2055,ORD-11032,PROD-007,4,482.27,0.15,1639.72,1100.64,539.08
2056,ORD-11033,PROD-013,2,51.13,0.0,102.26,55.92,46.34
2057,ORD-11033,PROD-004,1,40.06,0.05,38.06,25.51,12.55
2058,ORD-11034,PROD-010,3,45.77,0.0,137.31,85.24,52.07
2059,ORD-11035,PROD-013,1,56.79,0.05,53.95,26.45,27.5
2060,ORD-11035,PROD-003,1,74.21,0.0,74.21,50.93,23.28
2061,ORD-11035,PROD-015,3,16.27,0.05,46.37,27.35,19.02
2062,ORD-11036,PROD-007,3,566.68,0.0,1700.04,1185.12,514.92
2063,ORD-11036,PROD-008,2,227.16,0.05,431.6,269.53,162.07
2064,ORD-11037,PROD-012,1,61.61,0.05,58.53,27.02,31.51
2065,ORD-11037,PROD-001,1,1054.7,0.0,1054.7,734.67,320.03
2066,ORD-11038,PROD-002,3,311.18,0.1,840.19,407.26,432.93
2067,ORD-11038,PROD-016,1,24.16,0.0,24.16,15.65,8.51
2068,ORD-11038,PROD-011,2,90.7,0.05,172.33,95.01,77.32
2069,ORD-11039,PROD-016,2,23.97,0.0,47.94,32.83,15.11
2070,ORD-11039,PROD-010,4,49.21,0.0,196.84,107.67,89.17
2071,ORD-11039,PROD-008,3,264.45,0.05,753.68,484.16,269.52
2072,ORD-11040,PROD-013,3,52.32,0.0,156.96,93.41,63.55
2073,ORD-11040,PROD-015,4,16.61,0.1,59.8,37.92,21.88
2074,ORD-11041,PROD-004,1,38.17,0.0,38.17,25.93,12.24
2075,ORD-11042,PROD-013,4,52.61,0.0,210.44,110.21,100.23
2076,ORD-11042,PROD-007,4,581.72,0.0,2326.88,1398.51,928.37
2077,ORD-11043,PROD-007,2,576.9,0.05,1096.11,698.4,397.71
2078,ORD-11044,PROD-004,4,38.31,0.1,137.92,87.81,50.11
2079,ORD-11044,PROD-003,3,73.55,0.1,198.58,99.66,98.92
2080,ORD-11044,PROD-002,3,262.53,0.0,787.59,482.08,305.51
2081,ORD-11045,PROD-003,2,68.82,0.05,130.76,88.87,41.89
2082,ORD-11046,PROD-009,3,180.39,0.1,487.05,314.67,172.38
2083,ORD-11046,PROD-003,3,77.2,0.1,208.44,142.05,66.39
2084,ORD-11046,PROD-006,4,103.19,0.05,392.12,263.05,129.07
2085,ORD-11047,PROD-010,1,48.93,0.0,48.93,31.9,17.03
2086,ORD-11047,PROD-003,4,83.11,0.0,332.44,210.02,122.42
2087,ORD-11048,PROD-015,3,18.61,0.0,55.83,31.61,24.22
2088,ORD-11048,PROD-004,4,42.77,0.15,145.42,68.24,77.18
2089,ORD-11049,PROD-010,2,49.36,0.05,93.78,58.82,34.96
2090,ORD-11049,PROD-007,3,565.28,0.15,1441.46,1028.6,412.86
2091,ORD-11050,PROD-001,4,925.44,0.0,3701.76,2535.33,1166.43
2092,ORD-11050,PROD-003,1,68.95,0.1,62.06,41.21,20.85
2093,ORD-11050,PROD-013,4,49.65,0.1,178.74,124.46,54.28
2094,ORD-11051,PROD-015,1,19.64,0.0,19.64,13.68,5.96
2095,ORD-11051,PROD-016,2,22.66,0.0,45.32,27.54,17.78
2096,ORD-11052,PROD-005,3,122.29,0.0,366.87,203.85,163.02
2097,ORD-11052,PROD-015,1,16.3,0.15,13.86,8.94,4.92
2098,ORD-11052,PROD-008,2,241.14,0.05,458.17,278.36,179.81
2099,ORD-11053,PROD-009,2,201.06,0.1,361.91,253.58,108.33
2100,ORD-11053,PROD-013,2,52.08,0.0,104.16,60.29,43.87
2101,ORD-11054,PROD-008,1,242.95,0.0,242.95,151.28,91.67
2102,ORD-11054,PROD-003,1,78.25,0.0,78.25,54.85,23.4
2103,ORD-11055,PROD-006,3,87.78,0.05,250.17,116.01,134.16
2104,ORD-11055,PROD-009,4,191.79,0.1,690.44,367.98,322.46
2105,ORD-11056,PROD-013,1,55.8,0.0,55.8,30.1,25.7
2106,ORD-11057,PROD-006,3,106.18,0.0,318.54,226.73,91.81
2107,ORD-11058,PROD-003,3,72.33,0.15,184.44,97.53,86.91
2108,ORD-11058,PROD-010,2,47.84,0.0,95.68,55.37,40.31
2109,ORD-11058,PROD-009,1,184.16,0.1,165.74,83.34,82.4
2110,ORD-11059,PROD-014,1,31.57,0.0,31.57,18.26,13.31
2111,ORD-11059,PROD-006,1,101.69,0.0,101.69,59.34,42.35
2112,ORD-11060,PROD-013,3,55.89,0.0,167.67,85.79,81.88
2113,ORD-11060,PROD-009,1,190.89,0.05,181.35,110.53,70.82
2114,ORD-11061,PROD-009,2,189.8,0.0,379.6,232.15,147.45
2115,ORD-11061,PROD-007,3,562.99,0.1,1520.07,822.26,697.81
2116,ORD-11061,PROD-014,1,27.68,0.0,27.68,14.8,12.88
2117,ORD-11062,PROD-016,4,24.63,0.15,83.74,37.74,46.0
2118,ORD-11062,PROD-006,2,103.21,0.1,185.78,99.17,86.61
2119,ORD-11062,PROD-009,4,174.74,0.0,698.96,439.29,259.67
2120,ORD-11063,PROD-001,4,993.79,0.0,3975.16,2677.11,1298.05
2121,ORD-11064,PROD-015,4,18.13,0.0,72.52,38.3,34.22
2122,ORD-11064,PROD-001,4,918.4,0.05,3489.92,2414.82,1075.1
2123,ORD-11065,PROD-003,4,75.26,0.0,301.04,184.0,117.04
2124,ORD-11065,PROD-015,1,19.2,0.1,17.28,9.37,7.91
2125,ORD-11065,PROD-007,3,477.32,0.05,1360.36,902.46,457.9
2126,ORD-11066,PROD-002,3,283.62,0.0,850.86,501.43,349.43
2127,ORD-11066,PROD-013,3,59.88,0.05,170.66,110.66,60.0
2128,ORD-11066,PROD-009,2,196.78,0.15,334.53,150.65,183.88
2129,ORD-11067,PROD-014,1,33.14,0.05,31.48,16.24,15.24
2130,ORD-11068,PROD-013,4,58.2,0.0,232.8,107.83,124.97
2131,ORD-11068,PROD-008,2,225.48,0.15,383.32,194.58,188.74
2132,ORD-11068,PROD-003,1,82.12,0.0,82.12,52.21,29.91
2133,ORD-11069,PROD-010,2,47.33,0.0,94.66,66.41,28.25
2134,ORD-11069,PROD-011,2,83.46,0.1,150.23,82.98,67.25
2135,ORD-11069,PROD-001,1,1034.06,0.05,982.36,682.83,299.53
2136,ORD-11070,PROD-011,3,90.8,0.0,272.4,188.01,84.39
2137,ORD-11070,PROD-009,2,193.13,0.1,347.63,220.57,127.06
2138,ORD-11071,PROD-001,3,956.88,0.05,2727.11,1416.58,1310.53
2139,ORD-11072,PROD-010,2,42.3,0.05,80.37,45.69,34.68
2140,ORD-11073,PROD-007,4,577.97,0.0,2311.88,1354.66,957.22
2141,ORD-11073,PROD-001,3,1002.46,0.05,2857.01,1314.57,1542.44
2142,ORD-11073,PROD-016,1,23.14,0.0,23.14,15.42,7.72
2143,ORD-11074,PROD-005,1,104.39,0.1,93.95,54.35,39.6
2144,ORD-11075,PROD-007,4,559.84,0.0,2239.36,1405.92,833.44
2145,ORD-11076,PROD-003,1,77.19,0.0,77.19,42.62,34.57
2146,ORD-11077,PROD-016,1,21.25,0.05,20.19,14.21,5.98
2147,ORD-11077,PROD-001,3,1037.0,0.0,3111.0,1748.12,1362.88
2148,ORD-11077,PROD-015,2,19.61,0.05,37.26,26.39,10.87
2149,ORD-11078,PROD-002,2,267.44,0.15,454.65,236.68,217.97
2150,ORD-11078,PROD-008,4,247.51,0.05,940.54,578.36,362.18
2151,ORD-11078,PROD-015,1,19.37,0.0,19.37,11.64,7.73
2152,ORD-11079,PROD-010,4,44.88,0.1,161.57,113.15,48.42
2153,ORD-11079,PROD-004,4,44.05,0.0,176.2,85.7,90.5
2154,ORD-11079,PROD-013,1,59.33,0.1,53.4,24.25,29.15
2155,ORD-11080,PROD-016,2,21.82,0.0,43.64,23.76,19.88
2156,ORD-11081,PROD-012,3,68.57,0.0,205.71,123.47,82.24
2157,ORD-11081,PROD-001,2,950.18,0.05,1805.34,1161.68,643.66
2158,ORD-11081,PROD-004,1,39.61,0.0,39.61,20.69,18.92
2159,ORD-11082,PROD-011,2,94.0,0.0,188.0,105.37,82.63
2160,ORD-11082,PROD-015,4,18.45,0.0,73.8,49.28,24.52
2161,ORD-11083,PROD-003,2,73.12,0.05,138.93,95.41,43.52
2162,ORD-11083,PROD-009,4,171.95,0.15,584.63,273.39,311.24
2163,ORD-11083,PROD-012,4,68.4,0.0,273.6,136.79,136.81
2164,ORD-11084,PROD-008,3,220.32,0.0,660.96,446.6,214.36
2165,ORD-11085,PROD-002,2,281.54,0.1,506.77,235.36,271.41
2166,ORD-11085,PROD-001,3,1006.84,0.15,2567.44,1330.67,1236.77
2167,ORD-11086,PROD-007,4,569.83,0.1,2051.39,1362.48,688.91
2168,ORD-11087,PROD-014,1,27.19,0.15,23.11,10.67,12.44
2169,ORD-11088,PROD-006,2,87.55,0.0,175.1,117.43,57.67
2170,ORD-11089,PROD-003,1,74.36,0.1,66.92,38.83,28.09
2171,ORD-11090,PROD-007,4,486.22,0.1,1750.39,1123.63,626.76
2172,ORD-11091,PROD-015,1,19.22,0.0,19.22,13.66,5.56
2173,ORD-11091,PROD-014,1,33.5,0.0,33.5,21.61,11.89
2174,ORD-11092,PROD-012,3,71.37,0.1,192.7,95.78,96.92
2175,ORD-11093,PROD-007,4,541.97,0.0,2167.88,1321.91,845.97
2176,ORD-11094,PROD-004,1,38.41,0.05,36.49,17.1,19.39
2177,ORD-11095,PROD-004,3,40.26,0.0,120.78,84.69,36.09
2178,ORD-11095,PROD-008,2,264.57,0.0,529.14,362.21,166.93
2179,ORD-11096,PROD-009,1,169.56,0.05,161.08,83.05,78.03
2180,ORD-11096,PROD-006,3,100.99,0.0,302.97,201.58,101.39
2181,ORD-11096,PROD-011,1,85.63,0.0,85.63,49.97,35.66
2182,ORD-11097,PROD-002,2,265.79,0.05,505.0,319.62,185.38
2183,ORD-11097,PROD-015,2,18.29,0.1,32.92,15.54,17.38
2184,ORD-11097,PROD-004,2,43.94,0.05,83.49,47.64,35.85
2185,ORD-11098,PROD-010,4,46.58,0.0,186.32,99.28,87.04
2186,ORD-11098,PROD-014,2,29.1,0.0,58.2,31.45,26.75
2187,ORD-11098,PROD-008,4,218.81,0.1,787.72,508.72,279.0
2188,ORD-11099,PROD-014,1,31.6,0.15,26.86,17.53,9.33
2189,ORD-11099,PROD-007,4,494.03,0.1,1778.51,1214.05,564.46
2190,ORD-11100,PROD-002,3,272.78,0.15,695.59,317.14,378.45
2191,ORD-11100,PROD-005,1,115.06,0.0,115.06,53.18,61.88
2192,ORD-11100,PROD-003,3,76.78,0.1,207.31,141.77,65.54
2193,ORD-11101,PROD-016,1,23.65,0.0,23.65,14.91,8.74
2194,ORD-11102,PROD-001,3,1040.33,0.0,3120.99,1999.47,1121.52
2195,ORD-11103,PROD-013,3,58.96,0.0,176.88,94.15,82.73
2196,ORD-11103,PROD-016,4,20.43,0.0,81.72,41.05,40.67
2197,ORD-11103,PROD-009,4,181.0,0.1,651.6,354.38,297.22
2198,ORD-11104,PROD-004,1,37.68,0.0,37.68,22.67,15.01
2199,ORD-11104,PROD-008,4,225.41,0.05,856.56,603.11,253.45
2200,ORD-11104,PROD-010,2,50.31,0.0,100.62,60.86,39.76
2201,ORD-11105,PROD-016,1,23.66,0.0,23.66,11.42,12.24
2202,ORD-11106,PROD-004,4,40.02,0.1,144.07,86.13,57.94
2203,ORD-11106,PROD-007,2,469.36,0.0,938.72,656.57,282.15
2204,ORD-11106,PROD-010,1,40.88,0.0,40.88,19.32,21.56
2205,ORD-11107,PROD-010,3,45.19,0.0,135.57,82.68,52.89
2206,ORD-11107,PROD-006,1,101.39,0.0,101.39,57.68,43.71
2207,ORD-11107,PROD-001,1,994.84,0.0,994.84,557.64,437.2
2208,ORD-11108,PROD-008,1,227.64,0.0,227.64,122.55,105.09
2209,ORD-11108,PROD-015,4,19.29,0.05,73.3,52.3,21.0
2210,ORD-11109,PROD-012,1,64.18,0.1,57.76,33.16,24.6
2211,ORD-11110,PROD-007,1,499.27,0.0,499.27,248.56,250.71
2212,ORD-11110,PROD-002,4,312.71,0.15,1063.21,580.7,482.51
2213,ORD-11110,PROD-014,3,32.87,0.15,83.82,38.08,45.74
2214,ORD-11111,PROD-008,1,251.05,0.0,251.05,117.02,134.03
2215,ORD-11111,PROD-006,2,103.92,0.0,207.84,113.17,94.67
2216,ORD-11112,PROD-009,4,194.44,0.1,699.98,343.56,356.42
2217,ORD-11112,PROD-013,2,51.58,0.0,103.16,73.44,29.72
2218,ORD-11112,PROD-014,3,31.87,0.0,95.61,44.21,51.4
2219,ORD-11113,PROD-002,3,278.77,0.05,794.49,531.51,262.98
2220,ORD-11113,PROD-010,2,45.18,0.1,81.32,58.49,22.83
2221,ORD-11113,PROD-015,3,16.66,0.05,47.48,26.62,20.86
2222,ORD-11114,PROD-012,4,62.05,0.0,248.2,148.47,99.73
2223,ORD-11114,PROD-015,2,18.46,0.0,36.92,24.55,12.37
2224,ORD-11115,PROD-002,2,252.98,0.1,455.36,243.21,212.15
2225,ORD-11116,PROD-010,3,49.11,0.05,139.96,66.72,73.24
2226,ORD-11117,PROD-002,4,263.91,0.1,950.08,463.84,486.24
2227,ORD-11117,PROD-008,3,252.81,0.1,682.59,488.3,194.29
2228,ORD-11118,PROD-009,3,179.24,0.0,537.72,300.11,237.61
2229,ORD-11119,PROD-015,4,17.6,0.0,70.4,44.48,25.92
2230,ORD-11120,PROD-004,4,36.09,0.1,129.92,76.61,53.31
2231,ORD-11120,PROD-012,1,66.72,0.05,63.38,44.51,18.87
2232,ORD-11121,PROD-002,2,253.98,0.0,507.96,305.94,202.02
2233,ORD-11122,PROD-004,1,39.5,0.0,39.5,24.79,14.71
2234,ORD-11122,PROD-002,2,302.73,0.0,605.46,348.79,256.67
2235,ORD-11123,PROD-004,2,42.28,0.0,84.56,44.68,39.88
2236,ORD-11123,PROD-014,2,32.32,0.0,64.64,31.0,33.64
2237,ORD-11124,PROD-009,4,192.24,0.05,730.51,491.71,238.8
2238,ORD-11125,PROD-009,1,199.01,0.0,199.01,97.74,101.27
2239,ORD-11125,PROD-006,1,106.33,0.1,95.7,58.89,36.81
2240,ORD-11125,PROD-010,3,45.31,0.0,135.93,93.58,42.35
2241,ORD-11126,PROD-004,1,41.8,0.1,37.62,26.77,10.85
2242,ORD-11126,PROD-009,4,192.25,0.05,730.55,436.99,293.56
2243,ORD-11127,PROD-007,4,493.87,0.0,1975.48,960.94,1014.54
2244,ORD-11127,PROD-001,2,1028.36,0.1,1851.05,867.02,984.03
2245,ORD-11127,PROD-009,4,166.57,0.0,666.28,391.85,274.43
2246,ORD-11128,PROD-004,4,38.79,0.05,147.4,76.23,71.17
2247,ORD-11129,PROD-004,2,37.73,0.15,64.14,33.1,31.04
2248,ORD-11129,PROD-007,1,507.79,0.0,507.79,293.66,214.13
2249,ORD-11130,PROD-008,4,266.94,0.0,1067.76,716.39,351.37
2250,ORD-11130,PROD-014,4,29.67,0.0,118.68,80.44,38.24
2251,ORD-11131,PROD-013,1,50.69,0.0,50.69,33.71,16.98
2252,ORD-11131,PROD-008,2,237.57,0.05,451.38,212.69,238.69
2253,ORD-11132,PROD-014,4,30.45,0.0,121.8,64.06,57.74
2254,ORD-11133,PROD-011,3,94.6,0.1,255.42,129.13,126.29
2255,ORD-11133,PROD-015,1,17.0,0.05,16.15,10.46,5.69
2256,ORD-11134,PROD-006,2,91.18,0.0,182.36,102.26,80.1
2257,ORD-11134,PROD-016,1,21.3,0.0,21.3,11.71,9.59
2258,ORD-11135,PROD-002,3,276.68,0.1,747.04,486.21,260.83
2259,ORD-11135,PROD-003,2,70.57,0.0,141.14,68.7,72.44
2260,ORD-11135,PROD-006,3,92.99,0.1,251.07,151.43,99.64
2261,ORD-11136,PROD-001,1,887.89,0.05,843.5,577.88,265.62
2262,ORD-11136,PROD-006,1,96.06,0.05,91.26,59.81,31.45
2263,ORD-11137,PROD-009,4,182.33,0.05,692.85,315.34,377.51
2264,ORD-11137,PROD-010,2,48.32,0.0,96.64,50.42,46.22
2265,ORD-11137,PROD-004,3,39.81,0.05,113.46,64.98,48.48
2266,ORD-11138,PROD-013,3,53.85,0.0,161.55,82.16,79.39
2267,ORD-11138,PROD-002,3,294.51,0.05,839.35,532.16,307.19
2268,ORD-11139,PROD-007,4,504.78,0.05,1918.16,1326.43,591.73
2269,ORD-11140,PROD-010,2,43.08,0.0,86.16,50.52,35.64
2270,ORD-11140,PROD-011,4,78.73,0.05,299.17,183.21,115.96
2271,ORD-11140,PROD-006,1,93.93,0.15,79.84,49.03,30.81
2272,ORD-11141,PROD-007,1,549.84,0.1,494.86,347.85,147.01
2273,ORD-11141,PROD-003,3,69.78,0.15,177.94,112.41,65.53
2274,ORD-11141,PROD-013,1,58.84,0.0,58.84,38.25,20.59
2275,ORD-11142,PROD-001,3,1032.37,0.0,3097.11,1449.09,1648.02
2276,ORD-11143,PROD-003,2,77.58,0.0,155.16,96.54,58.62
2277,ORD-11143,PROD-006,3,86.49,0.0,259.47,126.73,132.74
2278,ORD-11144,PROD-006,4,90.27,0.0,361.08,186.6,174.48
2279,ORD-11144,PROD-011,2,76.59,0.05,145.52,82.07,63.45
2280,ORD-11144,PROD-013,4,60.66,0.0,242.64,121.5,121.14
2281,ORD-11145,PROD-016,1,24.45,0.1,22.0,13.3,8.7
2282,ORD-11146,PROD-013,1,60.54,0.0,60.54,30.7,29.84
2283,ORD-11147,PROD-007,3,553.23,0.0,1659.69,854.34,805.35
2284,ORD-11147,PROD-003,1,79.77,0.05,75.78,53.62,22.16
2285,ORD-11147,PROD-012,1,59.33,0.05,56.36,37.5,18.86
2286,ORD-11148,PROD-005,3,103.14,0.05,293.95,178.85,115.1
2287,ORD-11149,PROD-006,2,85.56,0.0,171.12,89.88,81.24
2288,ORD-11149,PROD-014,2,31.01,0.0,62.02,39.43,22.59
2289,ORD-11149,PROD-016,4,23.04,0.0,92.16,66.06,26.1
2290,ORD-11150,PROD-010,1,46.99,0.05,44.64,23.62,21.02
2291,ORD-11151,PROD-008,4,245.45,0.1,883.62,428.22,455.4
2292,ORD-11152,PROD-014,3,31.8,0.1,85.86,53.68,32.18
2293,ORD-11153,PROD-011,1,95.14,0.05,90.38,41.04,49.34
2294,ORD-11154,PROD-010,2,48.84,0.0,97.68,56.71,40.97
2295,ORD-11155,PROD-012,4,71.66,0.0,286.64,138.35,148.29
2296,ORD-11155,PROD-008,2,253.62,0.0,507.24,358.15,149.09
2297,ORD-11155,PROD-002,4,268.28,0.05,1019.46,689.22,330.24
2298,ORD-11156,PROD-015,1,18.25,0.0,18.25,11.48,6.77
2299,ORD-11156,PROD-012,1,71.68,0.0,71.68,44.98,26.7
2300,ORD-11157,PROD-012,3,64.44,0.0,193.32,109.06,84.26
2301,ORD-11158,PROD-001,2,1013.54,0.0,2027.08,1140.32,886.76
2302,ORD-11159,PROD-016,3,22.59,0.0,67.77,37.93,29.84
2303,ORD-11159,PROD-007,4,479.61,0.0,1918.44,1101.01,817.43
2304,ORD-11160,PROD-001,3,907.12,0.0,2721.36,1374.59,1346.77
2305,ORD-11160,PROD-015,4,16.72,0.0,66.88,42.37,24.51
2306,ORD-11160,PROD-004,1,43.78,0.0,43.78,25.06,18.72
2307,ORD-11161,PROD-008,3,265.03,0.0,795.09,417.65,377.44
2308,ORD-11161,PROD-009,3,197.8,0.0,593.4,381.16,212.24
2309,ORD-11161,PROD-010,3,48.01,0.1,129.63,90.64,38.99
2310,ORD-11162,PROD-007,1,491.45,0.15,417.73,266.16,151.57
2311,ORD-11162,PROD-010,2,45.36,0.0,90.72,62.63,28.09
2312,ORD-11162,PROD-012,1,65.63,0.0,65.63,32.6,33.03
2313,ORD-11163,PROD-007,4,516.72,0.0,2066.88,1287.81,779.07
2314,ORD-11164,PROD-005,2,122.77,0.0,245.54,173.46,72.08
2315,ORD-11165,PROD-015,4,18.8,0.0,75.2,38.53,36.67
2316,ORD-11165,PROD-008,1,231.7,0.0,231.7,127.43,104.27
2317,ORD-11165,PROD-007,3,512.38,0.1,1383.43,750.53,632.9
2318,ORD-11166,PROD-013,3,52.57,0.0,157.71,108.66,49.05
2319,ORD-11166,PROD-012,1,65.91,0.0,65.91,47.34,18.57
2320,ORD-11167,PROD-009,3,164.57,0.0,493.71,302.37,191.34
2321,ORD-11168,PROD-007,3,577.0,0.05,1644.45,1058.44,586.01
2322,ORD-11168,PROD-002,3,265.18,0.0,795.54,365.31,430.23
2323,ORD-11168,PROD-015,3,16.64,0.0,49.92,34.8,15.12
2324,ORD-11169,PROD-002,4,288.2,0.05,1095.16,614.5,480.66
2325,ORD-11170,PROD-010,1,49.05,0.1,44.14,26.89,17.25
2326,ORD-11171,PROD-001,3,962.43,0.1,2598.56,1331.74,1266.82
2327,ORD-11171,PROD-012,1,64.34,0.05,61.12,29.24,31.88
2328,ORD-11171,PROD-014,3,27.19,0.1,73.41,52.3,21.11
2329,ORD-11172,PROD-009,2,190.86,0.05,362.63,178.4,184.23
2330,ORD-11172,PROD-012,4,59.11,0.15,200.97,144.34,56.63
2331,ORD-11173,PROD-015,1,19.51,0.0,19.51,13.9,5.61
2332,ORD-11174,PROD-014,1,33.35,0.0,33.35,17.42,15.93
2333,ORD-11174,PROD-013,3,52.14,0.0,156.42,112.35,44.07
2334,ORD-11175,PROD-002,1,306.71,0.0,306.71,184.94,121.77
2335,ORD-11175,PROD-001,4,944.81,0.0,3779.24,2539.54,1239.7
2336,ORD-11176,PROD-014,1,32.42,0.0,32.42,17.02,15.4
2337,ORD-11176,PROD-002,3,292.47,0.1,789.67,435.21,354.46
2338,ORD-11176,PROD-012,1,59.4,0.1,53.46,37.5,15.96
2339,ORD-11177,PROD-001,4,904.33,0.0,3617.32,2598.97,1018.35
2340,ORD-11177,PROD-006,4,93.66,0.05,355.91,251.31,104.6
2341,ORD-11178,PROD-012,1,59.98,0.05,56.98,38.32,18.66
2342,ORD-11178,PROD-001,1,1029.71,0.05,978.22,502.03,476.19
2343,ORD-11179,PROD-012,1,70.25,0.0,70.25,40.03,30.22
2344,ORD-11180,PROD-005,2,106.51,0.0,213.02,118.31,94.71
2345,ORD-11180,PROD-003,4,79.63,0.0,318.52,194.12,124.4
2346,ORD-11181,PROD-011,1,85.88,0.05,81.59,39.74,41.85
2347,ORD-11181,PROD-010,3,50.2,0.0,150.6,70.5,80.1
2348,ORD-11181,PROD-016,2,22.61,0.05,42.96,22.08,20.88
2349,ORD-11182,PROD-005,1,113.29,0.0,113.29,53.08,60.21
2350,ORD-11182,PROD-002,3,280.88,0.15,716.24,353.03,363.21
2351,ORD-11182,PROD-007,3,545.01,0.0,1635.03,991.07,643.96
2352,ORD-11183,PROD-014,4,29.79,0.0,119.16,62.09,57.07
2353,ORD-11184,PROD-013,3,57.76,0.0,173.28,118.64,54.64
2354,ORD-11185,PROD-004,3,37.84,0.0,113.52,69.68,43.84
2355,ORD-11186,PROD-001,3,891.15,0.0,2673.45,1564.99,1108.46
2356,ORD-11186,PROD-008,3,222.25,0.0,666.75,346.09,320.66
2357,ORD-11187,PROD-009,3,180.32,0.0,540.96,345.49,195.47
2358,ORD-11188,PROD-004,1,39.6,0.0,39.6,20.76,18.84
2359,ORD-11188,PROD-003,1,72.33,0.0,72.33,46.73,25.6
2360,ORD-11189,PROD-015,4,17.89,0.05,67.98,44.07,23.91
2361,ORD-11190,PROD-004,4,38.57,0.1,138.85,82.06,56.79
2362,ORD-11191,PROD-005,4,107.43,0.05,408.23,255.91,152.32
2363,ORD-11191,PROD-012,2,64.77,0.0,129.54,79.61,49.93
2364,ORD-11192,PROD-004,2,42.69,0.05,81.11,41.59,39.52
2365,ORD-11192,PROD-009,4,198.37,0.15,674.46,382.0,292.46
2366,ORD-11192,PROD-008,3,233.59,0.0,700.77,396.96,303.81
2367,ORD-11193,PROD-006,1,93.7,0.1,84.33,52.03,32.3
2368,ORD-11193,PROD-005,4,106.88,0.0,427.52,216.38,211.14
2369,ORD-11193,PROD-008,4,226.97,0.15,771.7,546.73,224.97
2370,ORD-11194,PROD-014,2,29.82,0.0,59.64,42.91,16.73
2371,ORD-11195,PROD-008,1,243.12,0.0,243.12,123.2,119.92
2372,ORD-11195,PROD-003,1,76.46,0.0,76.46,48.72,27.74
2373,ORD-11195,PROD-013,3,59.25,0.0,177.75,108.49,69.26
2374,ORD-11196,PROD-012,4,69.72,0.05,264.94,160.82,104.12
2375,ORD-11197,PROD-010,4,41.51,0.1,149.44,79.84,69.6
2376,ORD-11197,PROD-015,2,16.2,0.1,29.16,19.25,9.91
2377,ORD-11198,PROD-006,4,92.73,0.0,370.92,235.58,135.34
2378,ORD-11198,PROD-010,1,47.9,0.1,43.11,25.83,17.28
2379,ORD-11198,PROD-015,2,18.0,0.0,36.0,24.93,11.07
2380,ORD-11199,PROD-011,1,77.4,0.1,69.66,41.54,28.12
2381,ORD-11199,PROD-001,1,888.32,0.05,843.9,477.77,366.13
2382,ORD-11199,PROD-007,1,567.21,0.0,567.21,397.54,169.67
